,Group,Sample,BW,dpi,BT,pred_y,CI_lower,CI_upper
378,바이러스 접종군,V9,15.3,5,19.7,16.081201758722326,15.412848625769469,16.749554891675185
443,바이러스 접종군,V8,18.2,6,20.3,16.388696352433584,15.744928700309458,17.03246400455771
444,바이러스 접종군,V9,18.2,6,20.3,16.388696352433584,15.744928700309458,17.03246400455771
445,바이러스 접종군,V10,18.2,6,20.3,16.388696352433584,15.744928700309458,17.03246400455771
446,바이러스 접종군,V1,18.2,6,20.3,16.388696352433584,15.744928700309458,17.03246400455771
375,바이러스 접종군,V6,19.4,5,20.5,16.491194550337333,15.855609029123237,17.126780071551433
424,바이러스 접종군,V14,19.33,6,22.4,17.464927430422975,16.906683021252277,18.023171839593672
487,바이러스 접종군,V11,18.78,7,22.6,17.567425628326724,17.01727445689369,18.11757679975976
380,바이러스 접종군,V1,18.3,5,22.8,17.66992382623048,17.127855191292543,18.211992461168418
379,바이러스 접종군,V10,18.3,5,22.8,17.66992382623048,17.127855191292543,18.211992461168418
489,바이러스 접종군,V13,19.13,7,23.0,17.77242202413423,17.238424738529364,18.30641930973909
377,바이러스 접종군,V8,18.4,5,23.4,17.97741841994173,17.45952818000689,18.49530865987657
497,바이러스 접종군,V6,19.97,7,25.4,19.002400398979248,18.564162508919072,19.440638289039423
506,바이러스 접종군,V5,19.97,7,25.4,19.002400398979248,18.564162508919072,19.440638289039423
505,바이러스 접종군,V4,19.97,7,25.4,19.002400398979248,18.564162508919072,19.440638289039423
504,바이러스 접종군,V3,19.97,7,25.4,19.002400398979248,18.564162508919072,19.440638289039423
503,바이러스 접종군,V2,19.97,7,25.4,19.002400398979248,18.564162508919072,19.440638289039423
502,바이러스 접종군,V1,19.97,7,25.4,19.002400398979248,18.564162508919072,19.440638289039423
501,바이러스 접종군,V10,19.97,7,25.4,19.002400398979248,18.564162508919072,19.440638289039423
500,바이러스 접종군,V9,19.97,7,25.4,19.002400398979248,18.564162508919072,19.440638289039423
490,바이러스 접종군,V14,19.56,7,25.4,19.002400398979248,18.564162508919072,19.440638289039423
491,바이러스 접종군,V15,19.97,7,25.4,19.002400398979248,18.564162508919072,19.440638289039423
492,바이러스 접종군,V1,19.97,7,25.4,19.002400398979248,18.564162508919072,19.440638289039423
493,바이러스 접종군,V2,19.97,7,25.4,19.002400398979248,18.564162508919072,19.440638289039423
494,바이러스 접종군,V3,19.97,7,25.4,19.002400398979248,18.564162508919072,19.440638289039423
495,바이러스 접종군,V4,19.97,7,25.4,19.002400398979248,18.564162508919072,19.440638289039423
499,바이러스 접종군,V8,19.97,7,25.4,19.002400398979248,18.564162508919072,19.440638289039423
507,바이러스 접종군,V6,19.97,7,25.4,19.002400398979248,18.564162508919072,19.440638289039423
498,바이러스 접종군,V7,19.97,7,25.4,19.002400398979248,18.564162508919072,19.440638289039423
496,바이러스 접종군,V5,19.97,7,25.4,19.002400398979248,18.564162508919072,19.440638289039423
509,바이러스 접종군,V8,19.97,7,25.4,19.002400398979248,18.564162508919072,19.440638289039423
510,바이러스 접종군,V9,19.97,7,25.4,19.002400398979248,18.564162508919072,19.440638289039423
511,바이러스 접종군,V10,19.97,7,25.4,19.002400398979248,18.564162508919072,19.440638289039423
508,바이러스 접종군,V7,19.97,7,25.4,19.002400398979248,18.564162508919072,19.440638289039423
312,바이러스 접종군,V9,15.5,4,25.7,19.156147695834875,18.729698734107732,19.58259665756201
421,바이러스 접종군,V11,19.03,6,26.2,19.41239319059425,19.00547529073549,19.819311090453024
313,바이러스 접종군,V10,18.8,4,26.6,19.61738958640176,19.2259784768644,20.00880069593912
314,바이러스 접종군,V1,18.8,4,26.6,19.61738958640176,19.2259784768644,20.00880069593912
448,바이러스 접종군,V3,21.4,6,26.8,19.719887784305516,19.33618633769046,20.10358923092057
447,바이러스 접종군,V2,19.7,6,26.8,19.719887784305516,19.33618633769046,20.10358923092057
488,바이러스 접종군,V12,18.18,7,26.9,19.771136883257384,19.39127855729503,20.150995209219737
376,바이러스 접종군,V7,15.0,5,27.6,20.12988057592052,19.7766817665358,20.483079385305235
439,바이러스 접종군,V4,20.28,6,28.4,20.539873367535524,20.216525818146668,20.86322091692438
440,바이러스 접종군,V5,20.28,6,28.4,20.539873367535524,20.216525818146668,20.86322091692438
441,바이러스 접종군,V6,20.28,6,28.4,20.539873367535524,20.216525818146668,20.86322091692438
434,바이러스 접종군,V9,20.28,6,28.4,20.539873367535524,20.216525818146668,20.86322091692438
431,바이러스 접종군,V6,20.28,6,28.4,20.539873367535524,20.216525818146668,20.86322091692438
433,바이러스 접종군,V8,20.28,6,28.4,20.539873367535524,20.216525818146668,20.86322091692438
436,바이러스 접종군,V1,20.28,6,28.4,20.539873367535524,20.216525818146668,20.86322091692438
529,바이러스 접종군,V13,23.68,8,28.4,20.539873367535524,20.216525818146668,20.86322091692438
435,바이러스 접종군,V10,20.28,6,28.4,20.539873367535524,20.216525818146668,20.86322091692438
442,바이러스 접종군,V7,20.28,6,28.4,20.539873367535524,20.216525818146668,20.86322091692438
432,바이러스 접종군,V7,20.28,6,28.4,20.539873367535524,20.216525818146668,20.86322091692438
437,바이러스 접종군,V2,20.28,6,28.4,20.539873367535524,20.216525818146668,20.86322091692438
430,바이러스 접종군,V5,20.28,6,28.4,20.539873367535524,20.216525818146668,20.86322091692438
429,바이러스 접종군,V4,20.28,6,28.4,20.539873367535524,20.216525818146668,20.86322091692438
428,바이러스 접종군,V3,20.28,6,28.4,20.539873367535524,20.216525818146668,20.86322091692438
438,바이러스 접종군,V3,20.28,6,28.4,20.539873367535524,20.216525818146668,20.86322091692438
427,바이러스 접종군,V2,20.28,6,28.4,20.539873367535524,20.216525818146668,20.86322091692438
426,바이러스 접종군,V1,20.28,6,28.4,20.539873367535524,20.216525818146668,20.86322091692438
425,바이러스 접종군,V15,20.28,6,28.4,20.539873367535524,20.216525818146668,20.86322091692438
452,바이러스 접종군,V1,19.7,6,28.6,20.64237156543928,20.326363331969187,20.95837979890937
454,바이러스 접종군,V3,19.7,6,28.6,20.64237156543928,20.326363331969187,20.95837979890937
455,바이러스 접종군,V4,19.7,6,28.6,20.64237156543928,20.326363331969187,20.95837979890937
456,바이러스 접종군,V5,19.7,6,28.6,20.64237156543928,20.326363331969187,20.95837979890937
451,바이러스 접종군,V6,19.7,6,28.6,20.64237156543928,20.326363331969187,20.95837979890937
453,바이러스 접종군,V2,19.7,6,28.6,20.64237156543928,20.326363331969187,20.95837979890937
450,바이러스 접종군,V5,19.7,6,28.6,20.64237156543928,20.326363331969187,20.95837979890937
449,바이러스 접종군,V4,19.7,6,28.6,20.64237156543928,20.326363331969187,20.95837979890937
355,바이러스 접종군,V11,20.16,5,30.2,21.46235714866929,21.20263533429605,21.722078963042527
468,바이러스 접종군,V7,25.45,7,31.3,22.02609723713993,21.80144069291923,22.250753781360626
422,바이러스 접종군,V12,18.06,6,31.8,22.282342731899305,22.072161386826625,22.49252407697198
521,바이러스 접종군,V5,18.0,8,31.9,22.333591830851176,22.12616888930591,22.541014772396444
522,바이러스 접종군,V6,18.0,8,31.9,22.333591830851176,22.12616888930591,22.541014772396444
523,바이러스 접종군,V7,18.0,8,31.9,22.333591830851176,22.12616888930591,22.541014772396444
524,바이러스 접종군,V8,18.0,8,31.9,22.333591830851176,22.12616888930591,22.541014772396444
525,바이러스 접종군,V9,18.0,8,31.9,22.333591830851176,22.12616888930591,22.541014772396444
520,바이러스 접종군,V4,18.0,8,31.9,22.333591830851176,22.12616888930591,22.541014772396444
311,바이러스 접종군,V8,18.9,4,31.9,22.333591830851176,22.12616888930591,22.541014772396444
519,바이러스 접종군,V3,18.0,8,31.9,22.333591830851176,22.12616888930591,22.541014772396444
517,바이러스 접종군,V1,18.0,8,31.9,22.333591830851176,22.12616888930591,22.541014772396444
516,바이러스 접종군,V10,18.0,7,31.9,22.333591830851176,22.12616888930591,22.541014772396444
518,바이러스 접종군,V2,18.0,8,31.9,22.333591830851176,22.12616888930591,22.541014772396444
526,바이러스 접종군,V10,18.0,8,31.9,22.333591830851176,22.12616888930591,22.541014772396444
350,바이러스 접종군,V6,19.4,5,32.3,22.53858822665868,22.34167936863274,22.735497084684624
351,바이러스 접종군,V7,20.26,5,32.3,22.53858822665868,22.34167936863274,22.735497084684624
365,바이러스 접종군,V6,19.4,5,32.3,22.53858822665868,22.34167936863274,22.735497084684624
366,바이러스 접종군,V7,20.26,5,32.3,22.53858822665868,22.34167936863274,22.735497084684624
309,바이러스 접종군,V6,20.0,4,32.7,22.743584622466187,22.556255153238723,22.93091409169365
423,바이러스 접종군,V13,20.21,6,32.7,22.743584622466187,22.556255153238723,22.93091409169365
352,바이러스 접종군,V8,22.32,5,33.0,22.89733191932181,22.71648368088467,23.07818015775896
367,바이러스 접종군,V8,22.32,5,33.0,22.89733191932181,22.71648368088467,23.07818015775896
474,바이러스 접종군,V13,24.46,7,33.2,22.999830117225567,22.822930403634984,23.17672983081615
45,바이러스 접종군,V6,25.5,0,33.3,23.05107921617744,22.876034375449223,23.22612405690565
301,바이러스 접종군,V8,21.39,4,33.4,23.10232831512932,22.929055309480464,23.27560132077817
286,바이러스 접종군,V8,21.38,4,33.4,23.10232831512932,22.929055309480464,23.27560132077817
246,바이러스 접종군,V9,17.2,3,33.5,23.15357741408119,22.98199063332144,23.32516419484094
357,바이러스 접종군,V13,20.73,5,33.6,23.20482651303307,23.034837799289225,23.374815226776917
381,바이러스 접종군,V2,20.9,5,33.7,23.256075611984944,23.087594298798685,23.424556925171203
363,바이러스 접종군,V4,21.58,5,33.8,23.30732471093682,23.14025767765517,23.474391744218465
362,바이러스 접종군,V3,21.58,5,33.8,23.30732471093682,23.14025767765517,23.474391744218465
361,바이러스 접종군,V2,21.58,5,33.8,23.30732471093682,23.14025767765517,23.474391744218465
360,바이러스 접종군,V1,21.58,5,33.8,23.30732471093682,23.14025767765517,23.474391744218465
359,바이러스 접종군,V15,21.58,5,33.8,23.30732471093682,23.14025767765517,23.474391744218465
364,바이러스 접종군,V5,21.58,5,33.8,23.30732471093682,23.14025767765517,23.474391744218465
44,바이러스 접종군,V5,25.3,0,33.9,23.358573809888696,23.192825552130184,23.52432206764721
42,바이러스 접종군,V3,22.3,0,34.0,23.40982290884057,23.245295625649245,23.574350192031897
556,바이러스 접종군,V15,28.1,13,34.0,23.40982290884057,23.245295625649245,23.574350192031897
458,바이러스 접종군,V7,19.0,6,34.3,23.5635702056962,23.40209774194264,23.72504266944976
310,바이러스 접종군,V7,16.3,4,34.3,23.5635702056962,23.40209774194264,23.72504266944976
298,바이러스 접종군,V5,22.77,4,34.5,23.66606840359995,23.50610685792634,23.82602994927356
297,바이러스 접종군,V4,22.77,4,34.5,23.66606840359995,23.50610685792634,23.82602994927356
296,바이러스 접종군,V3,22.77,4,34.5,23.66606840359995,23.50610685792634,23.82602994927356
295,바이러스 접종군,V2,22.77,4,34.5,23.66606840359995,23.50610685792634,23.82602994927356
65,바이러스 접종군,V10,22.8,0,34.5,23.66606840359995,23.50610685792634,23.82602994927356
61,바이러스 접종군,V6,23.2,0,34.5,23.66606840359995,23.50610685792634,23.82602994927356
294,바이러스 접종군,V1,22.77,4,34.5,23.66606840359995,23.50610685792634,23.82602994927356
62,바이러스 접종군,V7,22.7,0,34.5,23.66606840359995,23.50610685792634,23.82602994927356
293,바이러스 접종군,V15,22.77,4,34.5,23.66606840359995,23.50610685792634,23.82602994927356
43,바이러스 접종군,V4,29.2,0,34.6,23.717317502551825,23.557948930361626,23.876686074742025
40,바이러스 접종군,V1,24.9,0,34.6,23.717317502551825,23.557948930361626,23.876686074742025
561,바이러스 접종군,V15,28.2,14,34.7,23.768566601503704,23.60968098814151,23.927452214865895
394,바이러스 접종군,V9,22.7,5,34.7,23.768566601503704,23.60968098814151,23.927452214865895
292,바이러스 접종군,V14,23.01,4,34.7,23.768566601503704,23.60968098814151,23.927452214865895
393,바이러스 접종군,V8,21.3,5,34.8,23.819815700455575,23.66130202568616,23.978329375224995
247,바이러스 접종군,V10,20.5,3,34.8,23.819815700455575,23.66130202568616,23.978329375224995
248,바이러스 접종군,V1,20.5,3,34.8,23.819815700455575,23.66130202568616,23.978329375224995
515,바이러스 접종군,V9,19.6,7,34.8,23.819815700455575,23.66130202568616,23.978329375224995
290,바이러스 접종군,V12,21.58,4,34.9,23.871064799407453,23.71281126021096,24.029318338603943
300,바이러스 접종군,V7,21.33,4,34.9,23.871064799407453,23.71281126021096,24.029318338603943
285,바이러스 접종군,V7,21.33,4,34.9,23.871064799407453,23.71281126021096,24.029318338603943
41,바이러스 접종군,V2,26.0,0,34.9,23.871064799407453,23.71281126021096,24.029318338603943
392,바이러스 접종군,V7,20.3,5,34.9,23.871064799407453,23.71281126021096,24.029318338603943
46,바이러스 접종군,V7,21.9,0,35.0,23.92231389835933,23.76420813985759,24.08041965686107
353,바이러스 접종군,V9,22.1,5,35.0,23.92231389835933,23.76420813985759,24.08041965686107
368,바이러스 접종군,V9,22.1,5,35.0,23.92231389835933,23.76420813985759,24.08041965686107
181,바이러스 접종군,V10,23.4,2,35.1,23.973562997311205,23.81549234950304,24.13163364511937
47,바이러스 접종군,V8,24.4,0,35.1,23.973562997311205,23.81549234950304,24.13163364511937
15,바이러스 접종군,V1,24.29,0,35.1,23.973562997311205,23.81549234950304,24.13163364511937
30,바이러스 접종군,V1,24.29,0,35.1,23.973562997311205,23.81549234950304,24.13163364511937
31,바이러스 접종군,V2,24.18,0,35.2,24.024812096263084,23.86666381410529,24.182960378420876
16,바이러스 접종군,V2,24.18,0,35.2,24.024812096263084,23.86666381410529,24.182960378420876
163,바이러스 접종군,V2,24.0,2,35.2,24.024812096263084,23.86666381410529,24.182960378420876
265,바이러스 접종군,V2,24.74,4,35.2,24.024812096263084,23.86666381410529,24.182960378420876
148,바이러스 접종군,V2,24.0,2,35.2,24.024812096263084,23.86666381410529,24.182960378420876
302,바이러스 접종군,V9,24.0,4,35.2,24.024812096263084,23.86666381410529,24.182960378420876
287,바이러스 접종군,V9,24.0,4,35.2,24.024812096263084,23.86666381410529,24.182960378420876
459,바이러스 접종군,V8,20.3,6,35.2,24.024812096263084,23.86666381410529,24.182960378420876
180,바이러스 접종군,V9,19.4,2,35.2,24.024812096263084,23.86666381410529,24.182960378420876
329,바이러스 접종군,V10,24.2,4,35.3,24.076061195214955,23.917722699503035,24.234399690926875
326,바이러스 접종군,V7,22.1,4,35.3,24.076061195214955,23.917722699503035,24.234399690926875
147,바이러스 접종군,V1,23.39,2,35.3,24.076061195214955,23.917722699503035,24.234399690926875
344,바이러스 접종군,V15,28.75,5,35.3,24.076061195214955,23.917722699503035,24.234399690926875
345,바이러스 접종군,V1,28.75,5,35.3,24.076061195214955,23.917722699503035,24.234399690926875
346,바이러스 접종군,V2,28.75,5,35.3,24.076061195214955,23.917722699503035,24.234399690926875
347,바이러스 접종군,V3,28.75,5,35.3,24.076061195214955,23.917722699503035,24.234399690926875
348,바이러스 접종군,V4,28.75,5,35.3,24.076061195214955,23.917722699503035,24.234399690926875
349,바이러스 접종군,V5,28.75,5,35.3,24.076061195214955,23.917722699503035,24.234399690926875
162,바이러스 접종군,V1,23.39,2,35.3,24.076061195214955,23.917722699503035,24.234399690926875
551,바이러스 접종군,V15,28.14,12,35.3,24.076061195214955,23.917722699503035,24.234399690926875
328,바이러스 접종군,V9,26.2,4,35.4,24.127310294166836,23.96866941064984,24.285951177683827
358,바이러스 접종군,V14,21.88,5,35.4,24.127310294166836,23.96866941064984,24.285951177683827
467,바이러스 접종군,V6,29.41,7,35.4,24.127310294166836,23.96866941064984,24.285951177683827
49,바이러스 접종군,V10,24.8,0,35.4,24.127310294166836,23.96866941064984,24.285951177683827
210,바이러스 접종군,V13,27.19,3,35.5,24.178559393118707,24.01950458732624,24.33761419891117
271,바이러스 접종군,V8,23.56,4,35.5,24.178559393118707,24.01950458732624,24.33761419891117
275,바이러스 접종군,V12,27.8,4,35.5,24.178559393118707,24.01950458732624,24.33761419891117
217,바이러스 접종군,V5,28.99,3,35.5,24.178559393118707,24.01950458732624,24.33761419891117
212,바이러스 접종군,V15,28.99,3,35.5,24.178559393118707,24.01950458732624,24.33761419891117
216,바이러스 접종군,V4,28.99,3,35.5,24.178559393118707,24.01950458732624,24.33761419891117
213,바이러스 접종군,V1,28.99,3,35.5,24.178559393118707,24.01950458732624,24.33761419891117
214,바이러스 접종군,V2,28.99,3,35.5,24.178559393118707,24.01950458732624,24.33761419891117
327,바이러스 접종군,V8,22.8,4,35.5,24.178559393118707,24.01950458732624,24.33761419891117
220,바이러스 접종군,V8,23.02,3,35.5,24.178559393118707,24.01950458732624,24.33761419891117
215,바이러스 접종군,V3,28.99,3,35.5,24.178559393118707,24.01950458732624,24.33761419891117
397,바이러스 접종군,V2,21.3,6,35.5,24.178559393118707,24.01950458732624,24.33761419891117
235,바이러스 접종군,V8,23.02,3,35.5,24.178559393118707,24.01950458732624,24.33761419891117
356,바이러스 접종군,V12,20.36,5,35.5,24.178559393118707,24.01950458732624,24.33761419891117
140,바이러스 접종군,V9,26.23,2,35.5,24.178559393118707,24.01950458732624,24.33761419891117
400,바이러스 접종군,V5,21.3,6,35.5,24.178559393118707,24.01950458732624,24.33761419891117
399,바이러스 접종군,V4,21.3,6,35.5,24.178559393118707,24.01950458732624,24.33761419891117
398,바이러스 접종군,V3,21.3,6,35.5,24.178559393118707,24.01950458732624,24.33761419891117
396,바이러스 접종군,V1,21.3,6,35.5,24.178559393118707,24.01950458732624,24.33761419891117
395,바이러스 접종군,V10,21.3,5,35.5,24.178559393118707,24.01950458732624,24.33761419891117
270,바이러스 접종군,V7,29.63,4,35.6,24.229808492070585,24.07022909743522,24.38938788670595
64,바이러스 접종군,V9,26.4,0,35.6,24.229808492070585,24.07022909743522,24.38938788670595
289,바이러스 접종군,V11,21.01,4,35.6,24.229808492070585,24.07022909743522,24.38938788670595
472,바이러스 접종군,V11,24.93,7,35.7,24.281057591022464,24.12084402804296,24.441271154001967
272,바이러스 접종군,V9,27.1,4,35.7,24.281057591022464,24.12084402804296,24.441271154001967
390,바이러스 접종군,V5,20.4,5,35.7,24.281057591022464,24.12084402804296,24.441271154001967
389,바이러스 접종군,V4,20.4,5,35.7,24.281057591022464,24.12084402804296,24.441271154001967
388,바이러스 접종군,V3,20.4,5,35.7,24.281057591022464,24.12084402804296,24.441271154001967
341,바이러스 접종군,V12,27.33,5,35.7,24.281057591022464,24.12084402804296,24.441271154001967
386,바이러스 접종군,V1,20.4,5,35.7,24.281057591022464,24.12084402804296,24.441271154001967
354,바이러스 접종군,V10,23.01,5,35.7,24.281057591022464,24.12084402804296,24.441271154001967
387,바이러스 접종군,V2,20.4,5,35.7,24.281057591022464,24.12084402804296,24.441271154001967
343,바이러스 접종군,V14,27.02,5,35.7,24.281057591022464,24.12084402804296,24.441271154001967
384,바이러스 접종군,V5,20.4,5,35.7,24.281057591022464,24.12084402804296,24.441271154001967
385,바이러스 접종군,V6,20.4,5,35.7,24.281057591022464,24.12084402804296,24.441271154001967
383,바이러스 접종군,V4,20.4,5,35.7,24.281057591022464,24.12084402804296,24.441271154001967
374,바이러스 접종군,V5,23.02,5,35.8,24.33230668997433,24.171350674377308,24.49326270557136
269,바이러스 접종군,V6,30.12,4,35.8,24.33230668997433,24.171350674377308,24.49326270557136
373,바이러스 접종군,V4,23.02,5,35.8,24.33230668997433,24.171350674377308,24.49326270557136
372,바이러스 접종군,V3,23.02,5,35.8,24.33230668997433,24.171350674377308,24.49326270557136
527,바이러스 접종군,V11,24.27,8,35.8,24.33230668997433,24.171350674377308,24.49326270557136
48,바이러스 접종군,V9,21.3,0,35.8,24.33230668997433,24.171350674377308,24.49326270557136
369,바이러스 접종군,V10,23.02,5,35.8,24.33230668997433,24.171350674377308,24.49326270557136
370,바이러스 접종군,V1,23.02,5,35.8,24.33230668997433,24.171350674377308,24.49326270557136
371,바이러스 접종군,V2,23.02,5,35.8,24.33230668997433,24.171350674377308,24.49326270557136
514,바이러스 접종군,V8,20.0,7,35.9,24.383555788926213,24.221750527036992,24.545361050815437
402,바이러스 접종군,V7,26.8,6,35.9,24.383555788926213,24.221750527036992,24.545361050815437
207,바이러스 접종군,V10,25.57,3,35.9,24.383555788926213,24.221750527036992,24.545361050815437
245,바이러스 접종군,V8,20.4,3,35.9,24.383555788926213,24.221750527036992,24.545361050815437
276,바이러스 접종군,V13,27.27,4,35.9,24.383555788926213,24.221750527036992,24.545361050815437
555,바이러스 접종군,V14,26.99,13,36.0,24.434804887878087,24.27204525769574,24.597564518060437
554,바이러스 접종군,V13,28.01,13,36.0,24.434804887878087,24.27204525769574,24.597564518060437
553,바이러스 접종군,V12,28.01,13,36.0,24.434804887878087,24.27204525769574,24.597564518060437
261,바이러스 접종군,V8,22.8,3,36.0,24.434804887878087,24.27204525769574,24.597564518060437
539,바이러스 접종군,V13,27.04,10,36.0,24.434804887878087,24.27204525769574,24.597564518060437
538,바이러스 접종군,V12,27.04,10,36.0,24.434804887878087,24.27204525769574,24.597564518060437
283,바이러스 접종군,V5,29.0,4,36.0,24.434804887878087,24.27204525769574,24.597564518060437
340,바이러스 접종군,V11,26.13,5,36.0,24.434804887878087,24.27204525769574,24.597564518060437
281,바이러스 접종군,V3,29.0,4,36.0,24.434804887878087,24.27204525769574,24.597564518060437
279,바이러스 접종군,V1,29.0,4,36.0,24.434804887878087,24.27204525769574,24.597564518060437
278,바이러스 접종군,V15,29.0,4,36.0,24.434804887878087,24.27204525769574,24.597564518060437
277,바이러스 접종군,V14,27.26,4,36.0,24.434804887878087,24.27204525769574,24.597564518060437
469,바이러스 접종군,V8,23.76,7,36.0,24.434804887878087,24.27204525769574,24.597564518060437
531,바이러스 접종군,V15,26.57,8,36.0,24.434804887878087,24.27204525769574,24.597564518060437
282,바이러스 접종군,V4,29.0,4,36.0,24.434804887878087,24.27204525769574,24.597564518060437
280,바이러스 접종군,V2,29.0,4,36.0,24.434804887878087,24.27204525769574,24.597564518060437
56,바이러스 접종군,V1,22.8,0,36.0,24.434804887878087,24.27204525769574,24.597564518060437
68,바이러스 접종군,V3,27.76,1,36.0,24.434804887878087,24.27204525769574,24.597564518060437
71,바이러스 접종군,V6,29.0,1,36.0,24.434804887878087,24.27204525769574,24.597564518060437
208,바이러스 접종군,V11,25.89,3,36.0,24.434804887878087,24.27204525769574,24.597564518060437
111,바이러스 접종군,V6,26.3,1,36.0,24.434804887878087,24.27204525769574,24.597564518060437
513,바이러스 접종군,V7,19.2,7,36.1,24.486053986829965,24.32223670360553,24.6498712700544
218,바이러스 접종군,V6,23.54,3,36.1,24.486053986829965,24.32223670360553,24.6498712700544
540,바이러스 접종군,V14,26.46,10,36.1,24.486053986829965,24.32223670360553,24.6498712700544
325,바이러스 접종군,V6,23.4,4,36.1,24.486053986829965,24.32223670360553,24.6498712700544
260,바이러스 접종군,V7,23.3,3,36.1,24.486053986829965,24.32223670360553,24.6498712700544
136,바이러스 접종군,V5,25.97,2,36.1,24.486053986829965,24.32223670360553,24.6498712700544
264,바이러스 접종군,V1,21.53,4,36.1,24.486053986829965,24.32223670360553,24.6498712700544
233,바이러스 접종군,V6,23.54,3,36.1,24.486053986829965,24.32223670360553,24.6498712700544
530,바이러스 접종군,V14,25.13,8,36.1,24.486053986829965,24.32223670360553,24.6498712700544
78,바이러스 접종군,V13,27.1,1,36.1,24.486053986829965,24.32223670360553,24.6498712700544
73,바이러스 접종군,V8,22.99,1,36.2,24.53730308578184,24.37232685121194,24.70227932035174
74,바이러스 접종군,V9,26.74,1,36.2,24.53730308578184,24.37232685121194,24.70227932035174
484,바이러스 접종군,V8,27.5,7,36.2,24.53730308578184,24.37232685121194,24.70227932035174
268,바이러스 접종군,V5,26.22,4,36.2,24.53730308578184,24.37232685121194,24.70227932035174
166,바이러스 접종군,V5,25.56,2,36.2,24.53730308578184,24.37232685121194,24.70227932035174
476,바이러스 접종군,V15,27.5,7,36.2,24.53730308578184,24.37232685121194,24.70227932035174
485,바이러스 접종군,V9,27.5,7,36.2,24.53730308578184,24.37232685121194,24.70227932035174
477,바이러스 접종군,V1,27.5,7,36.2,24.53730308578184,24.37232685121194,24.70227932035174
478,바이러스 접종군,V2,27.5,7,36.2,24.53730308578184,24.37232685121194,24.70227932035174
284,바이러스 접종군,V6,20.85,4,36.2,24.53730308578184,24.37232685121194,24.70227932035174
206,바이러스 접종군,V9,27.12,3,36.2,24.53730308578184,24.37232685121194,24.70227932035174
479,바이러스 접종군,V3,27.5,7,36.2,24.53730308578184,24.37232685121194,24.70227932035174
480,바이러스 접종군,V4,27.5,7,36.2,24.53730308578184,24.37232685121194,24.70227932035174
483,바이러스 접종군,V7,27.5,7,36.2,24.53730308578184,24.37232685121194,24.70227932035174
211,바이러스 접종군,V14,27.19,3,36.2,24.53730308578184,24.37232685121194,24.70227932035174
481,바이러스 접종군,V5,27.5,7,36.2,24.53730308578184,24.37232685121194,24.70227932035174
486,바이러스 접종군,V10,27.5,7,36.2,24.53730308578184,24.37232685121194,24.70227932035174
20,바이러스 접종군,V6,24.7,0,36.2,24.53730308578184,24.37232685121194,24.70227932035174
151,바이러스 접종군,V5,25.56,2,36.2,24.53730308578184,24.37232685121194,24.70227932035174
338,바이러스 접종군,V9,26.71,5,36.2,24.53730308578184,24.37232685121194,24.70227932035174
337,바이러스 접종군,V8,23.66,5,36.2,24.53730308578184,24.37232685121194,24.70227932035174
403,바이러스 접종군,V8,23.42,6,36.2,24.53730308578184,24.37232685121194,24.70227932035174
96,바이러스 접종군,V1,23.44,1,36.2,24.53730308578184,24.37232685121194,24.70227932035174
259,바이러스 접종군,V6,23.9,3,36.2,24.53730308578184,24.37232685121194,24.70227932035174
81,바이러스 접종군,V1,23.44,1,36.2,24.53730308578184,24.37232685121194,24.70227932035174
91,바이러스 접종군,V11,25.11,1,36.2,24.53730308578184,24.37232685121194,24.70227932035174
52,바이러스 접종군,V3,24.3,0,36.2,24.53730308578184,24.37232685121194,24.70227932035174
188,바이러스 접종군,V1,22.5,2,36.2,24.53730308578184,24.37232685121194,24.70227932035174
299,바이러스 접종군,V6,20.85,4,36.2,24.53730308578184,24.37232685121194,24.70227932035174
482,바이러스 접종군,V6,27.5,7,36.2,24.53730308578184,24.37232685121194,24.70227932035174
63,바이러스 접종군,V8,22.9,0,36.2,24.53730308578184,24.37232685121194,24.70227932035174
190,바이러스 접종군,V3,22.9,2,36.2,24.53730308578184,24.37232685121194,24.70227932035174
35,바이러스 접종군,V6,24.7,0,36.2,24.53730308578184,24.37232685121194,24.70227932035174
79,바이러스 접종군,V14,26.69,1,36.3,24.588552184733715,24.42231781919345,24.75478655027398
133,바이러스 접종군,V2,24.52,2,36.3,24.588552184733715,24.42231781919345,24.75478655027398
137,바이러스 접종군,V6,28.83,2,36.3,24.588552184733715,24.42231781919345,24.75478655027398
76,바이러스 접종군,V11,26.0,1,36.3,24.588552184733715,24.42231781919345,24.75478655027398
475,바이러스 접종군,V14,25.59,7,36.3,24.588552184733715,24.42231781919345,24.75478655027398
205,바이러스 접종군,V8,23.73,3,36.3,24.588552184733715,24.42231781919345,24.75478655027398
22,바이러스 접종군,V8,25.14,0,36.3,24.588552184733715,24.42231781919345,24.75478655027398
266,바이러스 접종군,V3,27.61,4,36.3,24.588552184733715,24.42231781919345,24.75478655027398
243,바이러스 접종군,V6,21.3,3,36.3,24.588552184733715,24.42231781919345,24.75478655027398
37,바이러스 접종군,V8,25.14,0,36.3,24.588552184733715,24.42231781919345,24.75478655027398
86,바이러스 접종군,V6,24.67,1,36.4,24.63980128368559,24.47221184122523,24.807390726145947
88,바이러스 접종군,V8,24.6,1,36.4,24.63980128368559,24.47221184122523,24.807390726145947
25,바이러스 접종군,V11,25.6,0,36.4,24.63980128368559,24.47221184122523,24.807390726145947
67,바이러스 접종군,V2,24.73,1,36.4,24.63980128368559,24.47221184122523,24.807390726145947
101,바이러스 접종군,V6,24.67,1,36.4,24.63980128368559,24.47221184122523,24.807390726145947
103,바이러스 접종군,V8,24.6,1,36.4,24.63980128368559,24.47221184122523,24.807390726145947
209,바이러스 접종군,V12,27.39,3,36.4,24.63980128368559,24.47221184122523,24.807390726145947
404,바이러스 접종군,V9,26.54,6,36.5,24.691050382637467,24.522011248749312,24.860089516525623
145,바이러스 접종군,V14,26.0,2,36.5,24.691050382637467,24.522011248749312,24.860089516525623
36,바이러스 접종군,V7,26.4,0,36.5,24.691050382637467,24.522011248749312,24.860089516525623
175,바이러스 접종군,V4,28.3,2,36.5,24.691050382637467,24.522011248749312,24.860089516525623
150,바이러스 접종군,V4,23.63,2,36.5,24.691050382637467,24.522011248749312,24.860089516525623
21,바이러스 접종군,V7,26.4,0,36.5,24.691050382637467,24.522011248749312,24.860089516525623
58,바이러스 접종군,V3,22.8,0,36.5,24.691050382637467,24.522011248749312,24.860089516525623
173,바이러스 접종군,V2,26.3,2,36.5,24.691050382637467,24.522011248749312,24.860089516525623
274,바이러스 접종군,V11,26.03,4,36.5,24.691050382637467,24.522011248749312,24.860089516525623
263,바이러스 접종군,V10,24.2,3,36.5,24.691050382637467,24.522011248749312,24.860089516525623
545,바이러스 접종군,V14,26.6,11,36.5,24.691050382637467,24.522011248749312,24.860089516525623
234,바이러스 접종군,V7,23.61,3,36.5,24.691050382637467,24.522011248749312,24.860089516525623
70,바이러스 접종군,V5,25.87,1,36.5,24.691050382637467,24.522011248749312,24.860089516525623
470,바이러스 접종군,V9,26.77,7,36.5,24.691050382637467,24.522011248749312,24.860089516525623
57,바이러스 접종군,V2,22.7,0,36.5,24.691050382637467,24.522011248749312,24.860089516525623
267,바이러스 접종군,V4,26.4,4,36.5,24.691050382637467,24.522011248749312,24.860089516525623
165,바이러스 접종군,V4,23.63,2,36.5,24.691050382637467,24.522011248749312,24.860089516525623
219,바이러스 접종군,V7,23.61,3,36.5,24.691050382637467,24.522011248749312,24.860089516525623
543,바이러스 접종군,V12,27.2,11,36.6,24.742299481589345,24.57171845400706,24.912880509171632
544,바이러스 접종군,V13,27.2,11,36.6,24.742299481589345,24.57171845400706,24.912880509171632
135,바이러스 접종군,V4,26.15,2,36.6,24.742299481589345,24.57171845400706,24.912880509171632
335,바이러스 접종군,V6,29.59,5,36.6,24.742299481589345,24.57171845400706,24.912880509171632
172,바이러스 접종군,V1,23.4,2,36.6,24.742299481589345,24.57171845400706,24.912880509171632
134,바이러스 접종군,V3,26.8,2,36.6,24.742299481589345,24.57171845400706,24.912880509171632
401,바이러스 접종군,V6,29.37,6,36.6,24.742299481589345,24.57171845400706,24.912880509171632
528,바이러스 접종군,V12,26.33,8,36.6,24.742299481589345,24.57171845400706,24.912880509171632
244,바이러스 접종군,V7,18.4,3,36.6,24.742299481589345,24.57171845400706,24.912880509171632
77,바이러스 접종군,V12,27.35,1,36.6,24.742299481589345,24.57171845400706,24.912880509171632
80,바이러스 접종군,V15,28.41,1,36.6,24.742299481589345,24.57171845400706,24.912880509171632
535,바이러스 접종군,V14,26.27,9,36.6,24.742299481589345,24.57171845400706,24.912880509171632
537,바이러스 접종군,V11,25.6,10,36.6,24.742299481589345,24.57171845400706,24.912880509171632
75,바이러스 접종군,V10,24.98,1,36.6,24.742299481589345,24.57171845400706,24.912880509171632
204,바이러스 접종군,V7,29.4,3,36.6,24.742299481589345,24.57171845400706,24.912880509171632
239,바이러스 접종군,V2,26.96,3,36.7,24.79354858054122,24.62133593355998,24.96576122752246
97,바이러스 접종군,V2,23.38,1,36.7,24.79354858054122,24.62133593355998,24.96576122752246
174,바이러스 접종군,V3,20.2,2,36.7,24.79354858054122,24.62133593355998,24.96576122752246
240,바이러스 접종군,V3,26.96,3,36.7,24.79354858054122,24.62133593355998,24.96576122752246
222,바이러스 접종군,V10,26.96,3,36.7,24.79354858054122,24.62133593355998,24.96576122752246
238,바이러스 접종군,V1,26.96,3,36.7,24.79354858054122,24.62133593355998,24.96576122752246
237,바이러스 접종군,V10,26.96,3,36.7,24.79354858054122,24.62133593355998,24.96576122752246
342,바이러스 접종군,V13,27.14,5,36.7,24.79354858054122,24.62133593355998,24.96576122752246
82,바이러스 접종군,V2,23.38,1,36.7,24.79354858054122,24.62133593355998,24.96576122752246
273,바이러스 접종군,V10,25.88,4,36.7,24.79354858054122,24.62133593355998,24.96576122752246
242,바이러스 접종군,V5,26.96,3,36.7,24.79354858054122,24.62133593355998,24.96576122752246
241,바이러스 접종군,V4,26.96,3,36.7,24.79354858054122,24.62133593355998,24.96576122752246
164,바이러스 접종군,V3,24.61,2,36.8,24.84479767949309,24.67086621249121,25.01872914649498
142,바이러스 접종군,V11,26.19,2,36.8,24.84479767949309,24.67086621249121,25.01872914649498
541,바이러스 접종군,V15,28.19,10,36.8,24.84479767949309,24.67086621249121,25.01872914649498
93,바이러스 접종군,V13,24.57,1,36.8,24.84479767949309,24.67086621249121,25.01872914649498
124,바이러스 접종군,V3,23.0,1,36.8,24.84479767949309,24.67086621249121,25.01872914649498
229,바이러스 접종군,V2,24.62,3,36.8,24.84479767949309,24.67086621249121,25.01872914649498
66,바이러스 접종군,V1,21.29,1,36.8,24.84479767949309,24.67086621249121,25.01872914649498
102,바이러스 접종군,V7,25.67,1,36.8,24.84479767949309,24.67086621249121,25.01872914649498
230,바이러스 접종군,V3,24.62,3,36.8,24.84479767949309,24.67086621249121,25.01872914649498
221,바이러스 접종군,V9,25.99,3,36.8,24.84479767949309,24.67086621249121,25.01872914649498
227,바이러스 접종군,V15,24.62,3,36.8,24.84479767949309,24.67086621249121,25.01872914649498
224,바이러스 접종군,V12,24.0,3,36.8,24.84479767949309,24.67086621249121,25.01872914649498
186,바이러스 접종군,V5,23.9,2,36.8,24.84479767949309,24.67086621249121,25.01872914649498
236,바이러스 접종군,V9,25.99,3,36.8,24.84479767949309,24.67086621249121,25.01872914649498
226,바이러스 접종군,V14,25.16,3,36.8,24.84479767949309,24.67086621249121,25.01872914649498
223,바이러스 접종군,V11,23.65,3,36.8,24.84479767949309,24.67086621249121,25.01872914649498
192,바이러스 접종군,V5,26.2,2,36.8,24.84479767949309,24.67086621249121,25.01872914649498
232,바이러스 접종군,V5,24.62,3,36.8,24.84479767949309,24.67086621249121,25.01872914649498
179,바이러스 접종군,V8,23.5,2,36.8,24.84479767949309,24.67086621249121,25.01872914649498
202,바이러스 접종군,V5,25.89,3,36.8,24.84479767949309,24.67086621249121,25.01872914649498
231,바이러스 접종군,V4,24.62,3,36.8,24.84479767949309,24.67086621249121,25.01872914649498
228,바이러스 접종군,V1,24.62,3,36.8,24.84479767949309,24.67086621249121,25.01872914649498
405,바이러스 접종군,V10,26.36,6,36.9,24.89604677844497,24.72031184944548,25.071781707444455
53,바이러스 접종군,V4,22.5,0,36.9,24.89604677844497,24.72031184944548,25.071781707444455
391,바이러스 접종군,V6,22.5,5,36.9,24.89604677844497,24.72031184944548,25.071781707444455
249,바이러스 접종군,V2,22.8,3,36.9,24.89604677844497,24.72031184944548,25.071781707444455
199,바이러스 접종군,V2,24.69,3,36.9,24.89604677844497,24.72031184944548,25.071781707444455
32,바이러스 접종군,V3,25.54,0,36.9,24.89604677844497,24.72031184944548,25.071781707444455
225,바이러스 접종군,V13,24.71,3,36.9,24.89604677844497,24.72031184944548,25.071781707444455
138,바이러스 접종군,V7,29.24,2,36.9,24.89604677844497,24.72031184944548,25.071781707444455
542,바이러스 접종군,V11,25.53,11,36.9,24.89604677844497,24.72031184944548,25.071781707444455
154,바이러스 접종군,V8,24.34,2,36.9,24.89604677844497,24.72031184944548,25.071781707444455
169,바이러스 접종군,V8,24.34,2,36.9,24.89604677844497,24.72031184944548,25.071781707444455
532,바이러스 접종군,V11,25.58,9,36.9,24.89604677844497,24.72031184944548,25.071781707444455
149,바이러스 접종군,V3,24.61,2,36.9,24.89604677844497,24.72031184944548,25.071781707444455
17,바이러스 접종군,V3,25.54,0,36.9,24.89604677844497,24.72031184944548,25.071781707444455
87,바이러스 접종군,V7,25.67,1,36.9,24.89604677844497,24.72031184944548,25.071781707444455
201,바이러스 접종군,V4,25.99,3,37.0,24.947295877396847,24.769675422630595,25.1249163321631
549,바이러스 접종군,V13,27.85,12,37.0,24.947295877396847,24.769675422630595,25.1249163321631
552,바이러스 접종군,V11,26.43,13,37.0,24.947295877396847,24.769675422630595,25.1249163321631
203,바이러스 접종군,V6,29.27,3,37.0,24.947295877396847,24.769675422630595,25.1249163321631
288,바이러스 접종군,V10,24.02,4,37.0,24.947295877396847,24.769675422630595,25.1249163321631
548,바이러스 접종군,V12,27.85,12,37.0,24.947295877396847,24.769675422630595,25.1249163321631
98,바이러스 접종군,V3,24.5,1,37.0,24.947295877396847,24.769675422630595,25.1249163321631
308,바이러스 접종군,V5,24.02,4,37.0,24.947295877396847,24.769675422630595,25.1249163321631
69,바이러스 접종군,V4,26.19,1,37.0,24.947295877396847,24.769675422630595,25.1249163321631
27,바이러스 접종군,V13,25.19,0,37.0,24.947295877396847,24.769675422630595,25.1249163321631
59,바이러스 접종군,V4,24.3,0,37.0,24.947295877396847,24.769675422630595,25.1249163321631
382,바이러스 접종군,V3,22.6,5,37.0,24.947295877396847,24.769675422630595,25.1249163321631
307,바이러스 접종군,V4,24.02,4,37.0,24.947295877396847,24.769675422630595,25.1249163321631
339,바이러스 접종군,V10,25.72,5,37.0,24.947295877396847,24.769675422630595,25.1249163321631
303,바이러스 접종군,V10,24.02,4,37.0,24.947295877396847,24.769675422630595,25.1249163321631
304,바이러스 접종군,V1,24.02,4,37.0,24.947295877396847,24.769675422630595,25.1249163321631
146,바이러스 접종군,V15,28.59,2,37.0,24.947295877396847,24.769675422630595,25.1249163321631
305,바이러스 접종군,V2,24.02,4,37.0,24.947295877396847,24.769675422630595,25.1249163321631
144,바이러스 접종군,V13,26.83,2,37.0,24.947295877396847,24.769675422630595,25.1249163321631
83,바이러스 접종군,V3,24.5,1,37.0,24.947295877396847,24.769675422630595,25.1249163321631
306,바이러스 접종군,V3,24.02,4,37.0,24.947295877396847,24.769675422630595,25.1249163321631
331,바이러스 접종군,V2,25.32,5,37.0,24.947295877396847,24.769675422630595,25.1249163321631
550,바이러스 접종군,V14,26.68,12,37.1,24.99854497634872,24.81895951687004,25.17813043582741
168,바이러스 접종군,V7,25.85,2,37.1,24.99854497634872,24.81895951687004,25.17813043582741
200,바이러스 접종군,V3,27.01,3,37.1,24.99854497634872,24.81895951687004,25.17813043582741
118,바이러스 접종군,V3,24.3,1,37.1,24.99854497634872,24.81895951687004,25.17813043582741
18,바이러스 접종군,V4,24.27,0,37.1,24.99854497634872,24.81895951687004,25.17813043582741
262,바이러스 접종군,V9,26.2,3,37.1,24.99854497634872,24.81895951687004,25.17813043582741
153,바이러스 접종군,V7,25.85,2,37.1,24.99854497634872,24.81895951687004,25.17813043582741
547,바이러스 접종군,V11,25.85,12,37.1,24.99854497634872,24.81895951687004,25.17813043582741
139,바이러스 접종군,V8,23.27,2,37.1,24.99854497634872,24.81895951687004,25.17813043582741
33,바이러스 접종군,V4,24.27,0,37.1,24.99854497634872,24.81895951687004,25.17813043582741
167,바이러스 접종군,V6,24.57,2,37.2,25.0497940753006,24.868166711765102,25.231421438836097
546,바이러스 접종군,V15,28.56,11,37.2,25.0497940753006,24.868166711765102,25.231421438836097
152,바이러스 접종군,V6,24.57,2,37.2,25.0497940753006,24.868166711765102,25.231421438836097
143,바이러스 접종군,V12,27.65,2,37.2,25.0497940753006,24.868166711765102,25.231421438836097
132,바이러스 접종군,V1,21.62,2,37.2,25.0497940753006,24.868166711765102,25.231421438836097
536,바이러스 접종군,V15,28.01,9,37.2,25.0497940753006,24.868166711765102,25.231421438836097
129,바이러스 접종군,V8,22.7,1,37.2,25.0497940753006,24.868166711765102,25.231421438836097
191,바이러스 접종군,V4,24.7,2,37.2,25.0497940753006,24.868166711765102,25.231421438836097
457,바이러스 접종군,V6,21.5,6,37.2,25.0497940753006,24.868166711765102,25.231421438836097
408,바이러스 접종군,V13,26.77,6,37.2,25.0497940753006,24.868166711765102,25.231421438836097
291,바이러스 접종군,V13,21.63,4,37.2,25.0497940753006,24.868166711765102,25.231421438836097
197,바이러스 접종군,V10,23.6,2,37.2,25.0497940753006,24.868166711765102,25.231421438836097
120,바이러스 접종군,V5,23.4,1,37.2,25.0497940753006,24.868166711765102,25.231421438836097
113,바이러스 접종군,V8,24.5,1,37.2,25.0497940753006,24.868166711765102,25.231421438836097
54,바이러스 접종군,V5,23.7,0,37.3,25.10104317425247,24.91729957099666,25.28478677750828
195,바이러스 접종군,V8,23.0,2,37.3,25.10104317425247,24.91729957099666,25.28478677750828
473,바이러스 접종군,V12,26.0,7,37.3,25.10104317425247,24.91729957099666,25.28478677750828
184,바이러스 접종군,V3,24.6,2,37.3,25.10104317425247,24.91729957099666,25.28478677750828
178,바이러스 접종군,V7,20.6,2,37.3,25.10104317425247,24.91729957099666,25.28478677750828
92,바이러스 접종군,V12,24.0,1,37.3,25.10104317425247,24.91729957099666,25.28478677750828
410,바이러스 접종군,V15,28.14,6,37.3,25.10104317425247,24.91729957099666,25.28478677750828
419,바이러스 접종군,V9,28.14,6,37.3,25.10104317425247,24.91729957099666,25.28478677750828
416,바이러스 접종군,V6,28.14,6,37.3,25.10104317425247,24.91729957099666,25.28478677750828
415,바이러스 접종군,V5,28.14,6,37.3,25.10104317425247,24.91729957099666,25.28478677750828
420,바이러스 접종군,V10,28.14,6,37.3,25.10104317425247,24.91729957099666,25.28478677750828
407,바이러스 접종군,V12,27.1,6,37.3,25.10104317425247,24.91729957099666,25.28478677750828
414,바이러스 접종군,V4,28.14,6,37.3,25.10104317425247,24.91729957099666,25.28478677750828
418,바이러스 접종군,V8,28.14,6,37.3,25.10104317425247,24.91729957099666,25.28478677750828
412,바이러스 접종군,V2,28.14,6,37.3,25.10104317425247,24.91729957099666,25.28478677750828
413,바이러스 접종군,V3,28.14,6,37.3,25.10104317425247,24.91729957099666,25.28478677750828
115,바이러스 접종군,V10,25.8,1,37.3,25.10104317425247,24.91729957099666,25.28478677750828
332,바이러스 접종군,V3,27.0,5,37.3,25.10104317425247,24.91729957099666,25.28478677750828
177,바이러스 접종군,V6,25.2,2,37.3,25.10104317425247,24.91729957099666,25.28478677750828
128,바이러스 접종군,V7,23.5,1,37.3,25.10104317425247,24.91729957099666,25.28478677750828
411,바이러스 접종군,V1,28.14,6,37.3,25.10104317425247,24.91729957099666,25.28478677750828
417,바이러스 접종군,V7,28.14,6,37.3,25.10104317425247,24.91729957099666,25.28478677750828
465,바이러스 접종군,V4,19.4,7,37.4,25.15229227320435,24.96636063277194,25.33822391363676
466,바이러스 접종군,V5,19.4,7,37.4,25.15229227320435,24.96636063277194,25.33822391363676
336,바이러스 접종군,V7,29.69,5,37.4,25.15229227320435,24.96636063277194,25.33822391363676
51,바이러스 접종군,V2,23.2,0,37.4,25.15229227320435,24.96636063277194,25.33822391363676
463,바이러스 접종군,V2,19.4,7,37.4,25.15229227320435,24.96636063277194,25.33822391363676
464,바이러스 접종군,V3,19.4,7,37.4,25.15229227320435,24.96636063277194,25.33822391363676
461,바이러스 접종군,V10,19.4,6,37.4,25.15229227320435,24.96636063277194,25.33822391363676
471,바이러스 접종군,V10,24.97,7,37.4,25.15229227320435,24.96636063277194,25.33822391363676
141,바이러스 접종군,V10,25.95,2,37.4,25.15229227320435,24.96636063277194,25.33822391363676
19,바이러스 접종군,V5,26.03,0,37.4,25.15229227320435,24.96636063277194,25.33822391363676
107,바이러스 접종군,V2,25.8,1,37.4,25.15229227320435,24.96636063277194,25.33822391363676
34,바이러스 접종군,V5,26.03,0,37.4,25.15229227320435,24.96636063277194,25.33822391363676
99,바이러스 접종군,V4,23.0,1,37.4,25.15229227320435,24.96636063277194,25.33822391363676
84,바이러스 접종군,V4,23.0,1,37.4,25.15229227320435,24.96636063277194,25.33822391363676
462,바이러스 접종군,V1,19.4,7,37.4,25.15229227320435,24.96636063277194,25.33822391363676
3,바이러스 접종군,V4,26.57,0,37.5,25.203541372156227,25.015352401400158,25.3917303429123
333,바이러스 접종군,V4,26.33,5,37.5,25.203541372156227,25.015352401400158,25.3917303429123
560,바이러스 접종군,V14,27.15,14,37.5,25.203541372156227,25.015352401400158,25.3917303429123
38,바이러스 접종군,V9,29.53,0,37.5,25.203541372156227,25.015352401400158,25.3917303429123
557,바이러스 접종군,V11,26.0,14,37.5,25.203541372156227,25.015352401400158,25.3917303429123
109,바이러스 접종군,V4,29.0,1,37.5,25.203541372156227,25.015352401400158,25.3917303429123
23,바이러스 접종군,V9,29.53,0,37.5,25.203541372156227,25.015352401400158,25.3917303429123
157,바이러스 접종군,V11,25.18,2,37.5,25.203541372156227,25.015352401400158,25.3917303429123
460,바이러스 접종군,V9,21.0,6,37.5,25.203541372156227,25.015352401400158,25.3917303429123
72,바이러스 접종군,V7,29.53,1,37.6,25.2547904711081,25.06427733996366,25.445303602252544
558,바이러스 접종군,V12,28.2,14,37.6,25.2547904711081,25.06427733996366,25.445303602252544
194,바이러스 접종군,V7,23.2,2,37.6,25.2547904711081,25.06427733996366,25.445303602252544
250,바이러스 접종군,V3,24.1,3,37.6,25.2547904711081,25.06427733996366,25.445303602252544
409,바이러스 접종군,V14,25.98,6,37.6,25.2547904711081,25.06427733996366,25.445303602252544
559,바이러스 접종군,V13,28.2,14,37.6,25.2547904711081,25.06427733996366,25.445303602252544
122,바이러스 접종군,V1,22.9,1,37.6,25.2547904711081,25.06427733996366,25.445303602252544
131,바이러스 접종군,V10,23.7,1,37.6,25.2547904711081,25.06427733996366,25.445303602252544
183,바이러스 접종군,V2,22.6,2,37.6,25.2547904711081,25.06427733996366,25.445303602252544
60,바이러스 접종군,V5,25.6,0,37.6,25.2547904711081,25.06427733996366,25.445303602252544
159,바이러스 접종군,V13,28.73,2,37.6,25.2547904711081,25.06427733996366,25.445303602252544
253,바이러스 접종군,V6,22.2,3,37.7,25.30603957005998,25.113137864037004,25.49894127608296
255,바이러스 접종군,V2,22.2,3,37.7,25.30603957005998,25.113137864037004,25.49894127608296
254,바이러스 접종군,V1,22.2,3,37.7,25.30603957005998,25.113137864037004,25.49894127608296
252,바이러스 접종군,V5,22.2,3,37.7,25.30603957005998,25.113137864037004,25.49894127608296
251,바이러스 접종군,V4,22.2,3,37.7,25.30603957005998,25.113137864037004,25.49894127608296
105,바이러스 접종군,V10,28.26,1,37.7,25.30603957005998,25.113137864037004,25.49894127608296
256,바이러스 접종군,V3,22.2,3,37.7,25.30603957005998,25.113137864037004,25.49894127608296
114,바이러스 접종군,V9,20.5,1,37.7,25.30603957005998,25.113137864037004,25.49894127608296
258,바이러스 접종군,V5,22.2,3,37.7,25.30603957005998,25.113137864037004,25.49894127608296
117,바이러스 접종군,V2,22.5,1,37.7,25.30603957005998,25.113137864037004,25.49894127608296
534,바이러스 접종군,V13,27.78,9,37.7,25.30603957005998,25.113137864037004,25.49894127608296
90,바이러스 접종군,V10,28.26,1,37.7,25.30603957005998,25.113137864037004,25.49894127608296
406,바이러스 접종군,V11,26.17,6,37.7,25.30603957005998,25.113137864037004,25.49894127608296
533,바이러스 접종군,V12,27.78,9,37.7,25.30603957005998,25.113137864037004,25.49894127608296
189,바이러스 접종군,V2,21.9,2,37.7,25.30603957005998,25.113137864037004,25.49894127608296
257,바이러스 접종군,V4,22.2,3,37.7,25.30603957005998,25.113137864037004,25.49894127608296
158,바이러스 접종군,V12,24.73,2,37.8,25.35728866901185,25.161936336395687,25.55264100162801
334,바이러스 접종군,V5,26.0,5,37.8,25.35728866901185,25.161936336395687,25.55264100162801
161,바이러스 접종군,V15,26.78,2,37.8,25.35728866901185,25.161936336395687,25.55264100162801
160,바이러스 접종군,V14,26.23,2,37.8,25.35728866901185,25.161936336395687,25.55264100162801
316,바이러스 접종군,V3,24.1,4,37.8,25.35728866901185,25.161936336395687,25.55264100162801
127,바이러스 접종군,V6,23.5,1,37.8,25.35728866901185,25.161936336395687,25.55264100162801
125,바이러스 접종군,V4,24.8,1,37.8,25.35728866901185,25.161936336395687,25.55264100162801
104,바이러스 접종군,V9,28.41,1,37.8,25.35728866901185,25.161936336395687,25.55264100162801
95,바이러스 접종군,V15,26.29,1,37.8,25.35728866901185,25.161936336395687,25.55264100162801
94,바이러스 접종군,V14,26.89,1,37.8,25.35728866901185,25.161936336395687,25.55264100162801
89,바이러스 접종군,V9,28.41,1,37.8,25.35728866901185,25.161936336395687,25.55264100162801
50,바이러스 접종군,V1,26.4,0,37.9,25.40853776796373,25.210675062649,25.60640047327846
176,바이러스 접종군,V5,24.3,2,37.9,25.40853776796373,25.210675062649,25.60640047327846
123,바이러스 접종군,V2,21.3,1,37.9,25.40853776796373,25.210675062649,25.60640047327846
26,바이러스 접종군,V12,25.14,0,37.9,25.40853776796373,25.210675062649,25.60640047327846
156,바이러스 접종군,V10,28.12,2,37.9,25.40853776796373,25.210675062649,25.60640047327846
171,바이러스 접종군,V10,28.12,2,37.9,25.40853776796373,25.210675062649,25.60640047327846
14,바이러스 접종군,V15,28.45,0,38.0,25.459786866915604,25.259356287726103,25.6602174461051
106,바이러스 접종군,V1,25.6,1,38.0,25.459786866915604,25.259356287726103,25.6602174461051
108,바이러스 접종군,V3,22.0,1,38.0,25.459786866915604,25.259356287726103,25.6602174461051
130,바이러스 접종군,V9,26.2,1,38.0,25.459786866915604,25.259356287726103,25.6602174461051
198,바이러스 접종군,V1,21.39,3,38.0,25.459786866915604,25.259356287726103,25.6602174461051
315,바이러스 접종군,V2,22.6,4,38.0,25.459786866915604,25.259356287726103,25.6602174461051
330,바이러스 접종군,V1,21.73,5,38.0,25.459786866915604,25.259356287726103,25.6602174461051
9,바이러스 접종군,V10,25.11,0,38.1,25.51103596586748,25.307982193142383,25.71408973859258
4,바이러스 접종군,V5,26.1,0,38.1,25.51103596586748,25.307982193142383,25.71408973859258
512,바이러스 접종군,V6,22.7,7,38.1,25.51103596586748,25.307982193142383,25.71408973859258
185,바이러스 접종군,V4,22.5,2,38.1,25.51103596586748,25.307982193142383,25.71408973859258
13,바이러스 접종군,V14,26.57,0,38.1,25.51103596586748,25.307982193142383,25.71408973859258
119,바이러스 접종군,V4,22.4,1,38.1,25.51103596586748,25.307982193142383,25.71408973859258
193,바이러스 접종군,V6,23.7,2,38.1,25.51103596586748,25.307982193142383,25.71408973859258
5,바이러스 접종군,V6,28.61,0,38.2,25.56228506481936,25.35655489497195,25.768015234666763
7,바이러스 접종군,V8,22.53,0,38.2,25.56228506481936,25.35655489497195,25.768015234666763
0,바이러스 접종군,V1,21.64,0,38.2,25.56228506481936,25.35655489497195,25.768015234666763
112,바이러스 접종군,V7,21.7,1,38.2,25.56228506481936,25.35655489497195,25.768015234666763
318,바이러스 접종군,V5,22.0,4,38.2,25.56228506481936,25.35655489497195,25.768015234666763
319,바이러스 접종군,V6,22.0,4,38.2,25.56228506481936,25.35655489497195,25.768015234666763
320,바이러스 접종군,V1,22.0,4,38.2,25.56228506481936,25.35655489497195,25.768015234666763
28,바이러스 접종군,V14,27.17,0,38.2,25.56228506481936,25.35655489497195,25.768015234666763
321,바이러스 접종군,V2,22.0,4,38.2,25.56228506481936,25.35655489497195,25.768015234666763
322,바이러스 접종군,V3,22.0,4,38.2,25.56228506481936,25.35655489497195,25.768015234666763
323,바이러스 접종군,V4,22.0,4,38.2,25.56228506481936,25.35655489497195,25.768015234666763
324,바이러스 접종군,V5,22.0,4,38.2,25.56228506481936,25.35655489497195,25.768015234666763
317,바이러스 접종군,V4,22.0,4,38.2,25.56228506481936,25.35655489497195,25.768015234666763
187,바이러스 접종군,V6,21.2,2,38.3,25.61353416377123,25.40507644245376,25.821991885088703
2,바이러스 접종군,V3,27.18,0,38.3,25.61353416377123,25.40507644245376,25.821991885088703
85,바이러스 접종군,V5,25.46,1,38.3,25.61353416377123,25.40507644245376,25.821991885088703
29,바이러스 접종군,V15,26.68,0,38.3,25.61353416377123,25.40507644245376,25.821991885088703
110,바이러스 접종군,V5,25.9,1,38.3,25.61353416377123,25.40507644245376,25.821991885088703
100,바이러스 접종군,V5,25.46,1,38.4,25.66478326272311,25.45354881716039,25.87601770828583
121,바이러스 접종군,V6,20.7,1,38.4,25.66478326272311,25.45354881716039,25.87601770828583
126,바이러스 접종군,V5,25.9,1,38.4,25.66478326272311,25.45354881716039,25.87601770828583
196,바이러스 접종군,V9,25.8,2,38.4,25.66478326272311,25.45354881716039,25.87601770828583
55,바이러스 접종군,V6,20.7,0,38.4,25.66478326272311,25.45354881716039,25.87601770828583
39,바이러스 접종군,V10,28.34,0,38.4,25.66478326272311,25.45354881716039,25.87601770828583
24,바이러스 접종군,V10,28.34,0,38.4,25.66478326272311,25.45354881716039,25.87601770828583
11,바이러스 접종군,V12,27.32,0,38.4,25.66478326272311,25.45354881716039,25.87601770828583
6,바이러스 접종군,V7,29.26,0,38.5,25.716032361674984,25.501973932662263,25.930090790687704
8,바이러스 접종군,V9,26.97,0,38.5,25.716032361674984,25.501973932662263,25.930090790687704
12,바이러스 접종군,V13,27.32,0,38.6,25.76728146062686,25.550353634623644,25.98420928663008
155,바이러스 접종군,V9,27.75,2,38.7,25.818530559578736,25.59868970127106,26.038371417886413
170,바이러스 접종군,V9,27.75,2,38.7,25.818530559578736,25.59868970127106,26.038371417886413
1,바이러스 접종군,V2,24.66,0,38.7,25.818530559578736,25.59868970127106,26.038371417886413
182,바이러스 접종군,V1,26.3,2,39.0,25.972277856434363,25.74345287837101,26.20110283449772
10,바이러스 접종군,V11,25.96,0,39.0,25.972277856434363,25.74345287837101,26.20110283449772
116,바이러스 접종군,V1,26.6,1,39.0,25.972277856434363,25.74345287837101,26.20110283449772
383,바이러스+치료제,TL9,19.41,7,19.41,15.932579371761888,15.13575049498517,16.729408248538604
379,바이러스+치료제,TH8,19.54,7,19.54,15.999203200399323,15.208552140421531,16.789854260377115
381,바이러스+치료제,TL7,21.37,7,20.5,16.491194550337333,15.746090026622646,17.23629907405202
344,바이러스+치료제,TL8,18.1,5,21.1,16.798689144048588,16.081977346948392,17.515400941148783
359,바이러스+치료제,TL7,22.1,6,21.3,16.90118734195234,16.193925673986065,17.608449009918616
366,바이러스+치료제,TH9,22.11,6,21.5,17.003685539856093,16.305866466498394,17.701504613213793
358,바이러스+치료제,TH10,20.3,6,21.7,17.106183737759842,16.417799414431176,17.79456806108851
387,바이러스+치료제,TH9,21.78,7,21.78,17.147183016921346,16.462570324464835,17.831795709377857
385,바이러스+치료제,TH7,21.68,7,22.2,17.362429232519222,16.69759527322587,18.027263191812576
365,바이러스+치료제,TH8,20.21,6,22.6,17.567425628326724,16.921391394930787,18.21345986172266
386,바이러스+치료제,TH8,20.0,7,22.7,17.618674727278602,16.97733437820362,18.260015076353582
382,바이러스+치료제,TL8,20.4,7,23.2,17.87492022203798,17.257010255804637,18.49283018827132
355,바이러스+치료제,TH7,18.59,6,23.4,17.97741841994173,17.3688612666314,18.585975573252064
363,바이러스+치료제,TL11,20.03,6,23.5,18.02866751889361,17.424782370816313,18.6325526669709
384,바이러스+치료제,TL10,20.78,7,23.5,18.02866751889361,17.424782370816313,18.6325526669709
336,바이러스+치료제,TH4,20.47,5,23.8,18.18241481574924,17.592527241985326,18.772302389513147
380,바이러스+치료제,TH9,18.0,7,24.2,18.38741121155674,17.81614123011276,18.95868119300072
327,바이러스+치료제,TH10,22.1,5,24.9,18.74615490421987,18.20732441491953,19.284985393520216
388,바이러스+치료제,TH10,17.46,7,24.9,18.74615490421987,18.20732441491953,19.284985393520216
357,바이러스+치료제,TH9,18.96,6,25.4,19.002400398979248,18.48661505133452,19.518185746623978
361,바이러스+치료제,TL9,19.74,6,25.5,19.05364949793113,18.542459108207595,19.564839887654657
368,바이러스+치료제,TH11,18.0,6,25.6,19.104898596883004,18.598298176857245,19.611499016908763
360,바이러스+치료제,TL8,21.34,6,26.2,19.41239319059425,18.933219819548704,19.89156656163981
362,바이러스+치료제,TL10,21.23,6,26.8,19.719887784305516,19.267922762287643,20.171852806323383
305,바이러스+치료제,TL10,21.4,4,26.8,19.719887784305516,19.267922762287643,20.171852806323383
326,바이러스+치료제,TH9,20.0,5,27.9,20.283627872776144,19.880829952565996,20.68642579298629
367,바이러스+치료제,TH10,17.96,6,28.5,20.5911224664874,20.214646542729263,20.96759839024553
364,바이러스+치료제,TH7,22.65,6,28.7,20.69362066439115,20.32582313316616,21.06141819561614
337,바이러스+치료제,TH5,20.0,5,29.3,21.00111525810241,20.659015149705443,21.343215366499376
303,바이러스+치료제,TL8,19.0,4,29.5,21.10361345600616,20.76995211849025,21.437274793522068
321,바이러스+치료제,TH4,19.31,5,29.8,21.257360752861786,20.936221212998635,21.578500292724936
136,바이러스+치료제,TL9,22.8,1,30.3,21.51360624762117,21.212922431863245,21.814290063379087
356,바이러스+치료제,TH8,20.3,6,30.6,21.667353544476796,21.37865608216996,21.956051006783625
340,바이러스+치료제,TH8,21.0,5,31.1,21.923599039236173,21.65430806149515,22.192890016977195
331,바이러스+치료제,TL7,22.78,5,31.5,22.128595435043675,21.874222049480736,22.382968820606614
335,바이러스+치료제,TL11,21.2,5,31.8,22.282342731899305,22.038737693720723,22.52594777007788
324,바이러스+치료제,TH7,20.1,5,31.9,22.333591830851176,22.093486626711783,22.57369703499057
294,바이러스+치료제,TH5,21.52,4,32.1,22.436090028754933,22.202837929334336,22.66934212817553
328,바이러스+치료제,TL4,19.31,5,32.3,22.53858822665868,22.311979091783407,22.76519736153396
255,바이러스+치료제,TL10,23.0,3,32.8,22.79483372141806,22.583783920449704,23.00588352238641
59,바이러스+치료제,TL1,21.3,0,33.0,22.89733191932181,22.692029422630068,23.10263441601356
66,바이러스+치료제,TL8,23.8,0,33.0,22.89733191932181,22.692029422630068,23.10263441601356
332,바이러스+치료제,TL8,21.77,5,33.1,22.94858101827369,22.746038219183664,23.151123817363715
301,바이러스+치료제,TL6,15.8,4,33.3,23.05107921617744,22.853811960745706,23.24834647160917
284,바이러스+치료제,TH10,22.49,4,33.4,23.10232831512932,22.907570300268414,23.29708632999021
302,바이러스+치료제,TL7,18.1,4,33.4,23.10232831512932,22.907570300268414,23.29708632999021
273,바이러스+치료제,TL7,21.85,4,33.6,23.20482651303307,23.014812942733037,23.394840083333104
65,바이러스+치료제,TL7,24.1,0,33.6,23.20482651303307,23.014812942733037,23.394840083333104
323,바이러스+치료제,TH6,20.74,5,33.9,23.358573809888696,23.1749397290495,23.54220789072789
236,바이러스+치료제,TL5,23.69,3,33.9,23.358573809888696,23.1749397290495,23.54220789072789
64,바이러스+치료제,TL6,20.8,0,33.9,23.358573809888696,23.1749397290495,23.54220789072789
304,바이러스+치료제,TL9,16.6,4,34.0,23.40982290884057,23.228104781302594,23.591541036378548
61,바이러스+치료제,TL3,25.1,0,34.0,23.40982290884057,23.228104781302594,23.591541036378548
63,바이러스+치료제,TL5,26.5,0,34.1,23.46107200779245,23.281158802523805,23.640985213061093
231,바이러스+치료제,TH7,21.59,3,34.2,23.512321106744324,23.3340984193332,23.690543794155445
62,바이러스+치료제,TL4,28.7,0,34.3,23.5635702056962,23.386920347190948,23.74022006420145
272,바이러스+치료제,TL6,22.61,4,34.3,23.5635702056962,23.386920347190948,23.74022006420145
375,바이러스+치료제,TL12,23.23,7,34.4,23.614819304648076,23.43962141643111,23.79001719286504
264,바이러스+치료제,TL9,25.07,4,34.4,23.614819304648076,23.43962141643111,23.79001719286504
390,바이러스+치료제,TL12,21.97,8,34.4,23.614819304648076,23.43962141643111,23.79001719286504
371,바이러스+치료제,TL8,26.0,7,34.6,23.717317502551825,23.544649036818114,23.889985968285536
223,바이러스+치료제,TL7,23.87,3,34.6,23.717317502551825,23.544649036818114,23.889985968285536
174,바이러스+치료제,TL1,19.01,2,34.8,23.819815700455575,23.6491592520644,23.99047214884676
68,바이러스+치료제,TL10,26.7,0,34.8,23.819815700455575,23.6491592520644,23.99047214884676
333,바이러스+치료제,TL9,20.79,5,34.8,23.819815700455575,23.6491592520644,23.99047214884676
270,바이러스+치료제,TL15,31.03,4,34.8,23.819815700455575,23.6491592520644,23.99047214884676
139,바이러스+치료제,TL2,26.6,2,34.9,23.871064799407453,23.7012144019318,24.040915196883105
316,바이러스+치료제,TL11,28.32,5,34.9,23.871064799407453,23.7012144019318,24.040915196883105
374,바이러스+치료제,TL11,28.65,7,34.9,23.871064799407453,23.7012144019318,24.040915196883105
408,바이러스+치료제,TL15,31.24,11,34.9,23.871064799407453,23.7012144019318,24.040915196883105
60,바이러스+치료제,TL2,24.6,0,34.9,23.871064799407453,23.7012144019318,24.040915196883105
389,바이러스+치료제,TL11,25.53,8,34.9,23.871064799407453,23.7012144019318,24.040915196883105
393,바이러스+치료제,TL15,28.2,8,35.0,23.92231389835933,23.753133601067777,24.091494195650885
70,바이러스+치료제,TL2,27.02,1,35.0,23.92231389835933,23.753133601067777,24.091494195650885
258,바이러스+치료제,TL3,27.27,4,35.0,23.92231389835933,23.753133601067777,24.091494195650885
266,바이러스+치료제,TL11,28.42,4,35.0,23.92231389835933,23.753133601067777,24.091494195650885
267,바이러스+치료제,TL12,26.19,4,35.0,23.92231389835933,23.753133601067777,24.091494195650885
77,바이러스+치료제,TL9,25.24,1,35.1,23.973562997311205,23.80491522891637,24.14221076570604
320,바이러스+치료제,TL15,30.7,5,35.1,23.973562997311205,23.80491522891637,24.14221076570604
415,바이러스+치료제,TL12,25.99,13,35.1,23.973562997311205,23.80491522891637,24.14221076570604
165,바이러스+치료제,TH3,23.46,2,35.1,23.973562997311205,23.80491522891637,24.14221076570604
220,바이러스+치료제,TL15,30.46,3,35.1,23.973562997311205,23.80491522891637,24.14221076570604
71,바이러스+치료제,TL3,26.97,1,35.1,23.973562997311205,23.80491522891637,24.14221076570604
350,바이러스+치료제,TL11,28.36,6,35.1,23.973562997311205,23.80491522891637,24.14221076570604
322,바이러스+치료제,TH5,16.27,5,35.2,24.024812096263084,23.856557979221822,24.19306621330434
228,바이러스+치료제,TH4,22.98,3,35.2,24.024812096263084,23.856557979221822,24.19306621330434
69,바이러스+치료제,TL1,26.33,1,35.2,24.024812096263084,23.856557979221822,24.19306621330434
370,바이러스+치료제,TL7,26.27,7,35.2,24.024812096263084,23.856557979221822,24.19306621330434
318,바이러스+치료제,TL13,27.37,5,35.3,24.076061195214955,23.90806087574506,24.244061514684848
348,바이러스+치료제,TL9,26.27,6,35.3,24.076061195214955,23.90806087574506,24.244061514684848
378,바이러스+치료제,TL15,31.22,7,35.3,24.076061195214955,23.90806087574506,24.244061514684848
196,바이러스+치료제,TL1,19.8,2,35.3,24.076061195214955,23.90806087574506,24.244061514684848
247,바이러스+치료제,TH8,23.42,3,35.3,24.076061195214955,23.90806087574506,24.244061514684848
216,바이러스+치료제,TL11,27.88,3,35.3,24.076061195214955,23.90806087574506,24.244061514684848
313,바이러스+치료제,TL8,26.45,5,35.3,24.076061195214955,23.90806087574506,24.244061514684848
354,바이러스+치료제,TL15,30.66,6,35.3,24.076061195214955,23.90806087574506,24.244061514684848
185,바이러스+치료제,TH1,21.81,2,35.3,24.076061195214955,23.90806087574506,24.244061514684848
191,바이러스+치료제,TH7,24.18,2,35.3,24.076061195214955,23.90806087574506,24.244061514684848
319,바이러스+치료제,TL14,25.62,5,35.4,24.127310294166836,23.95942328422706,24.295197304106605
369,바이러스+치료제,TL6,20.23,7,35.4,24.127310294166836,23.95942328422706,24.295197304106605
218,바이러스+치료제,TL13,26.8,3,35.4,24.127310294166836,23.95942328422706,24.295197304106605
314,바이러스+치료제,TL9,25.76,5,35.4,24.127310294166836,23.95942328422706,24.295197304106605
312,바이러스+치료제,TL7,26.76,5,35.4,24.127310294166836,23.95942328422706,24.295197304106605
260,바이러스+치료제,TL5,25.31,4,35.4,24.127310294166836,23.95942328422706,24.295197304106605
351,바이러스+치료제,TL12,25.32,6,35.4,24.127310294166836,23.95942328422706,24.295197304106605
259,바이러스+치료제,TL4,25.0,4,35.4,24.127310294166836,23.95942328422706,24.295197304106605
146,바이러스+치료제,TL9,26.04,2,35.4,24.127310294166836,23.95942328422706,24.295197304106605
140,바이러스+치료제,TL3,26.67,2,35.4,24.127310294166836,23.95942328422706,24.295197304106605
285,바이러스+치료제,TL4,19.85,4,35.4,24.127310294166836,23.95942328422706,24.295197304106605
405,바이러스+치료제,TL12,25.76,11,35.4,24.127310294166836,23.95942328422706,24.295197304106605
299,바이러스+치료제,TH10,20.67,4,35.4,24.127310294166836,23.95942328422706,24.295197304106605
225,바이러스+치료제,TL9,25.2,3,35.5,24.178559393118707,24.01064492026147,24.346473865975945
163,바이러스+치료제,TH1,23.39,2,35.5,24.178559393118707,24.01064492026147,24.346473865975945
275,바이러스+치료제,TL9,22.64,4,35.5,24.178559393118707,24.01064492026147,24.346473865975945
235,바이러스+치료제,TL4,22.19,3,35.5,24.178559393118707,24.01064492026147,24.346473865975945
164,바이러스+치료제,TH2,22.36,2,35.5,24.178559393118707,24.01064492026147,24.346473865975945
292,바이러스+치료제,TL11,22.36,4,35.5,24.178559393118707,24.01064492026147,24.346473865975945
203,바이러스+치료제,TL8,23.5,2,35.5,24.178559393118707,24.01064492026147,24.346473865975945
15,바이러스+치료제,TL1,26.79,0,35.5,24.178559393118707,24.01064492026147,24.346473865975945
75,바이러스+치료제,TL7,26.22,1,35.5,24.178559393118707,24.01064492026147,24.346473865975945
76,바이러스+치료제,TL8,26.0,1,35.5,24.178559393118707,24.01064492026147,24.346473865975945
315,바이러스+치료제,TL10,22.58,5,35.5,24.178559393118707,24.01064492026147,24.346473865975945
67,바이러스+치료제,TL9,23.1,0,35.5,24.178559393118707,24.01064492026147,24.346473865975945
372,바이러스+치료제,TL9,23.8,7,35.5,24.178559393118707,24.01064492026147,24.346473865975945
417,바이러스+치료제,TL14,25.5,13,35.5,24.178559393118707,24.01064492026147,24.346473865975945
72,바이러스+치료제,TL4,23.65,1,35.6,24.229808492070585,24.061725852850444,24.397891131290727
73,바이러스+치료제,TL5,25.24,1,35.6,24.229808492070585,24.061725852850444,24.397891131290727
251,바이러스+치료제,TL6,17.4,3,35.6,24.229808492070585,24.061725852850444,24.397891131290727
263,바이러스+치료제,TL8,26.47,4,35.6,24.229808492070585,24.061725852850444,24.397891131290727
221,바이러스+치료제,TL5,22.68,3,35.6,24.229808492070585,24.061725852850444,24.397891131290727
416,바이러스+치료제,TL13,28.24,13,35.6,24.229808492070585,24.061725852850444,24.397891131290727
317,바이러스+치료제,TL12,25.71,5,35.6,24.229808492070585,24.061725852850444,24.397891131290727
418,바이러스+치료제,TL15,31.7,13,35.6,24.229808492070585,24.061725852850444,24.397891131290727
345,바이러스+치료제,TL6,20.52,6,35.6,24.229808492070585,24.061725852850444,24.397891131290727
201,바이러스+치료제,TL6,18.0,2,35.6,24.229808492070585,24.061725852850444,24.397891131290727
329,바이러스+치료제,TL5,20.72,5,35.6,24.229808492070585,24.061725852850444,24.397891131290727
243,바이러스+치료제,TH4,24.64,3,35.7,24.281057591022464,24.112666503540467,24.44944867850446
395,바이러스+치료제,TL12,24.53,9,35.7,24.281057591022464,24.112666503540467,24.44944867850446
41,바이러스+치료제,TL5,27.46,0,35.7,24.281057591022464,24.112666503540467,24.44944867850446
250,바이러스+치료제,TH11,22.54,3,35.7,24.281057591022464,24.112666503540467,24.44944867850446
311,바이러스+치료제,TL6,20.86,5,35.7,24.281057591022464,24.112666503540467,24.44944867850446
325,바이러스+치료제,TH8,21.46,5,35.7,24.281057591022464,24.112666503540467,24.44944867850446
265,바이러스+치료제,TL10,22.46,4,35.7,24.281057591022464,24.112666503540467,24.44944867850446
217,바이러스+치료제,TL12,25.62,3,35.7,24.281057591022464,24.112666503540467,24.44944867850446
413,바이러스+치료제,TL15,31.81,12,35.7,24.281057591022464,24.112666503540467,24.44944867850446
242,바이러스+치료제,TL11,25.4,3,35.8,24.33230668997433,24.16346764116332,24.501145738785347
256,바이러스+치료제,TL1,26.18,4,35.8,24.33230668997433,24.16346764116332,24.501145738785347
151,바이러스+치료제,TL14,25.22,2,35.8,24.33230668997433,24.16346764116332,24.501145738785347
410,바이러스+치료제,TL12,25.75,12,35.8,24.33230668997433,24.16346764116332,24.501145738785347
269,바이러스+치료제,TL14,25.51,4,35.8,24.33230668997433,24.16346764116332,24.501145738785347
186,바이러스+치료제,TH2,25.01,2,35.8,24.33230668997433,24.16346764116332,24.501145738785347
276,바이러스+치료제,TL10,22.79,4,35.8,24.33230668997433,24.16346764116332,24.501145738785347
80,바이러스+치료제,TL12,26.02,1,35.8,24.33230668997433,24.16346764116332,24.501145738785347
187,바이러스+치료제,TH3,23.04,2,35.8,24.33230668997433,24.16346764116332,24.501145738785347
412,바이러스+치료제,TL14,25.03,12,35.8,24.33230668997433,24.16346764116332,24.501145738785347
349,바이러스+치료제,TL10,21.0,6,35.8,24.33230668997433,24.16346764116332,24.501145738785347
346,바이러스+치료제,TL7,29.98,6,35.8,24.33230668997433,24.16346764116332,24.501145738785347
420,바이러스+치료제,TL12,26.31,14,35.8,24.33230668997433,24.16346764116332,24.501145738785347
404,바이러스+치료제,TL11,28.45,11,35.8,24.33230668997433,24.16346764116332,24.501145738785347
254,바이러스+치료제,TL9,18.9,3,35.8,24.33230668997433,24.16346764116332,24.501145738785347
409,바이러스+치료제,TL11,28.03,12,35.9,24.383555788926213,24.21413037233436,24.552981205518066
226,바이러스+치료제,TL10,26.0,3,35.9,24.383555788926213,24.21413037233436,24.552981205518066
240,바이러스+치료제,TL9,24.12,3,35.9,24.383555788926213,24.21413037233436,24.552981205518066
245,바이러스+치료제,TH6,23.35,3,35.9,24.383555788926213,24.21413037233436,24.552981205518066
206,바이러스+치료제,TL1,26.0,3,35.9,24.383555788926213,24.21413037233436,24.552981205518066
257,바이러스+치료제,TL2,26.83,4,35.9,24.383555788926213,24.21413037233436,24.552981205518066
74,바이러스+치료제,TL6,19.84,1,35.9,24.383555788926213,24.21413037233436,24.552981205518066
300,바이러스+치료제,TH11,20.15,4,35.9,24.383555788926213,24.21413037233436,24.552981205518066
376,바이러스+치료제,TL13,25.97,7,35.9,24.383555788926213,24.21413037233436,24.552981205518066
352,바이러스+치료제,TL13,27.24,6,35.9,24.383555788926213,24.21413037233436,24.552981205518066
373,바이러스+치료제,TL10,19.27,7,35.9,24.383555788926213,24.21413037233436,24.552981205518066
40,바이러스+치료제,TL4,25.01,0,35.9,24.383555788926213,24.21413037233436,24.552981205518066
261,바이러스+치료제,TL6,21.0,4,35.9,24.383555788926213,24.21413037233436,24.552981205518066
286,바이러스+치료제,TL5,21.72,4,35.9,24.383555788926213,24.21413037233436,24.552981205518066
152,바이러스+치료제,TL15,30.66,2,35.9,24.383555788926213,24.21413037233436,24.552981205518066
78,바이러스+치료제,TL10,21.21,1,35.9,24.383555788926213,24.21413037233436,24.552981205518066
29,바이러스+치료제,TH4,25.55,0,35.9,24.383555788926213,24.21413037233436,24.552981205518066
268,바이러스+치료제,TL13,27.74,4,35.9,24.383555788926213,24.21413037233436,24.552981205518066
207,바이러스+치료제,TL2,27.0,3,36.0,24.434804887878087,24.26465612797924,24.60495364777693
219,바이러스+치료제,TL14,25.43,3,36.0,24.434804887878087,24.26465612797924,24.60495364777693
280,바이러스+치료제,TH6,21.69,4,36.0,24.434804887878087,24.26465612797924,24.60495364777693
411,바이러스+치료제,TL13,28.01,12,36.0,24.434804887878087,24.26465612797924,24.60495364777693
423,바이러스+치료제,TL15,31.65,14,36.0,24.434804887878087,24.26465612797924,24.60495364777693
407,바이러스+치료제,TL14,25.37,11,36.0,24.434804887878087,24.26465612797924,24.60495364777693
51,바이러스+치료제,TH4,25.21,0,36.0,24.434804887878087,24.26465612797924,24.60495364777693
262,바이러스+치료제,TL7,27.02,4,36.0,24.434804887878087,24.26465612797924,24.60495364777693
249,바이러스+치료제,TH10,22.17,3,36.0,24.434804887878087,24.26465612797924,24.60495364777693
52,바이러스+치료제,TH5,27.19,0,36.0,24.434804887878087,24.26465612797924,24.60495364777693
32,바이러스+치료제,TH7,25.48,0,36.1,24.486053986829965,24.315046646265927,24.657061327394004
149,바이러스+치료제,TL12,25.8,2,36.1,24.486053986829965,24.315046646265927,24.657061327394004
82,바이러스+치료제,TL14,25.49,1,36.1,24.486053986829965,24.315046646265927,24.657061327394004
353,바이러스+치료제,TL14,25.73,6,36.1,24.486053986829965,24.315046646265927,24.657061327394004
391,바이러스+치료제,TL13,24.02,8,36.1,24.486053986829965,24.315046646265927,24.657061327394004
341,바이러스+치료제,TH9,23.51,5,36.1,24.486053986829965,24.315046646265927,24.657061327394004
377,바이러스+치료제,TL14,25.17,7,36.1,24.486053986829965,24.315046646265927,24.657061327394004
343,바이러스+치료제,TH11,19.02,5,36.1,24.486053986829965,24.315046646265927,24.657061327394004
197,바이러스+치료제,TL2,23.4,2,36.1,24.486053986829965,24.315046646265927,24.657061327394004
198,바이러스+치료제,TL3,23.9,2,36.1,24.486053986829965,24.315046646265927,24.657061327394004
205,바이러스+치료제,TL10,25.8,2,36.2,24.53730308578184,24.36530395240515,24.70930221915853
230,바이러스+치료제,TH6,24.0,3,36.2,24.53730308578184,24.36530395240515,24.70930221915853
347,바이러스+치료제,TL8,25.58,6,36.2,24.53730308578184,24.36530395240515,24.70930221915853
234,바이러스+치료제,TH10,26.73,3,36.2,24.53730308578184,24.36530395240515,24.70930221915853
253,바이러스+치료제,TL8,20.6,3,36.2,24.53730308578184,24.36530395240515,24.70930221915853
293,바이러스+치료제,TH4,20.99,4,36.2,24.53730308578184,24.36530395240515,24.70930221915853
211,바이러스+치료제,TL6,20.31,3,36.2,24.53730308578184,24.36530395240515,24.70930221915853
33,바이러스+치료제,TH8,25.76,0,36.2,24.53730308578184,24.36530395240515,24.70930221915853
204,바이러스+치료제,TL9,19.8,2,36.2,24.53730308578184,24.36530395240515,24.70930221915853
189,바이러스+치료제,TH5,25.39,2,36.2,24.53730308578184,24.36530395240515,24.70930221915853
141,바이러스+치료제,TL4,24.0,2,36.2,24.53730308578184,24.36530395240515,24.70930221915853
147,바이러스+치료제,TL10,21.53,2,36.2,24.53730308578184,24.36530395240515,24.70930221915853
150,바이러스+치료제,TL13,27.21,2,36.2,24.53730308578184,24.36530395240515,24.70930221915853
148,바이러스+치료제,TL11,28.14,2,36.2,24.53730308578184,24.36530395240515,24.70930221915853
290,바이러스+치료제,TL9,22.0,4,36.3,24.588552184733715,24.41543033584757,24.76167403361985
244,바이러스+치료제,TH5,24.18,3,36.3,24.588552184733715,24.41543033584757,24.76167403361985
55,바이러스+치료제,TH8,24.67,0,36.3,24.588552184733715,24.41543033584757,24.76167403361985
283,바이러스+치료제,TH9,20.84,4,36.3,24.588552184733715,24.41543033584757,24.76167403361985
252,바이러스+치료제,TL7,20.3,3,36.3,24.588552184733715,24.41543033584757,24.76167403361985
238,바이러스+치료제,TL7,26.02,3,36.3,24.588552184733715,24.41543033584757,24.76167403361985
154,바이러스+치료제,TL2,24.33,2,36.3,24.588552184733715,24.41543033584757,24.76167403361985
176,바이러스+치료제,TL3,22.0,2,36.3,24.588552184733715,24.41543033584757,24.76167403361985
155,바이러스+치료제,TL3,24.18,2,36.3,24.588552184733715,24.41543033584757,24.76167403361985
208,바이러스+치료제,TL3,27.22,3,36.3,24.588552184733715,24.41543033584757,24.76167403361985
400,바이러스+치료제,TL12,24.96,10,36.3,24.588552184733715,24.41543033584757,24.76167403361985
406,바이러스+치료제,TL13,28.02,11,36.3,24.588552184733715,24.41543033584757,24.76167403361985
214,바이러스+치료제,TL9,25.64,3,36.3,24.588552184733715,24.41543033584757,24.76167403361985
229,바이러스+치료제,TH5,18.56,3,36.3,24.588552184733715,24.41543033584757,24.76167403361985
232,바이러스+치료제,TH8,24.15,3,36.4,24.63980128368559,24.465428325446485,24.814174241924693
138,바이러스+치료제,TL1,26.43,2,36.4,24.63980128368559,24.465428325446485,24.814174241924693
278,바이러스+치료제,TH4,20.34,4,36.4,24.63980128368559,24.465428325446485,24.814174241924693
118,바이러스+치료제,TH2,25.1,1,36.4,24.63980128368559,24.465428325446485,24.814174241924693
224,바이러스+치료제,TL8,24.28,3,36.4,24.63980128368559,24.465428325446485,24.814174241924693
108,바이러스+치료제,TL3,22.21,1,36.4,24.63980128368559,24.465428325446485,24.814174241924693
83,바이러스+치료제,TL15,31.0,1,36.4,24.63980128368559,24.465428325446485,24.814174241924693
42,바이러스+치료제,TL6,25.51,0,36.4,24.63980128368559,24.465428325446485,24.814174241924693
25,바이러스+치료제,TL11,24.73,0,36.4,24.63980128368559,24.465428325446485,24.814174241924693
213,바이러스+치료제,TL8,26.13,3,36.4,24.63980128368559,24.465428325446485,24.814174241924693
18,바이러스+치료제,TL4,24.13,0,36.4,24.63980128368559,24.465428325446485,24.814174241924693
210,바이러스+치료제,TL5,24.98,3,36.4,24.63980128368559,24.465428325446485,24.814174241924693
123,바이러스+치료제,TH7,24.97,1,36.4,24.63980128368559,24.465428325446485,24.814174241924693
54,바이러스+치료제,TH7,25.11,0,36.5,24.691050382637467,24.515300663171875,24.86680010210306
145,바이러스+치료제,TL8,25.6,2,36.5,24.691050382637467,24.515300663171875,24.86680010210306
392,바이러스+치료제,TL14,23.02,8,36.5,24.691050382637467,24.515300663171875,24.86680010210306
396,바이러스+치료제,TL13,27.7,9,36.5,24.691050382637467,24.515300663171875,24.86680010210306
159,바이러스+치료제,TL8,24.53,2,36.5,24.691050382637467,24.515300663171875,24.86680010210306
166,바이러스+치료제,TH4,24.18,2,36.5,24.691050382637467,24.515300663171875,24.86680010210306
281,바이러스+치료제,TH7,20.64,4,36.5,24.691050382637467,24.515300663171875,24.86680010210306
202,바이러스+치료제,TL7,21.8,2,36.5,24.691050382637467,24.515300663171875,24.86680010210306
199,바이러스+치료제,TL4,27.4,2,36.5,24.691050382637467,24.515300663171875,24.86680010210306
209,바이러스+치료제,TL4,24.25,3,36.5,24.691050382637467,24.515300663171875,24.86680010210306
246,바이러스+치료제,TH7,24.51,3,36.5,24.691050382637467,24.515300663171875,24.86680010210306
200,바이러스+치료제,TL5,25.7,2,36.5,24.691050382637467,24.515300663171875,24.86680010210306
422,바이러스+치료제,TL14,25.65,14,36.5,24.691050382637467,24.515300663171875,24.86680010210306
26,바이러스+치료제,TH1,25.89,0,36.6,24.742299481589345,24.565050276955617,24.919548686223077
103,바이러스+치료제,TH9,23.0,1,36.6,24.742299481589345,24.565050276955617,24.919548686223077
16,바이러스+치료제,TL2,25.17,0,36.6,24.742299481589345,24.565050276955617,24.919548686223077
133,바이러스+치료제,TL6,19.6,1,36.6,24.742299481589345,24.565050276955617,24.919548686223077
31,바이러스+치료제,TH6,26.0,0,36.6,24.742299481589345,24.565050276955617,24.919548686223077
35,바이러스+치료제,TH10,29.44,0,36.6,24.742299481589345,24.565050276955617,24.919548686223077
24,바이러스+치료제,TL10,28.0,0,36.6,24.742299481589345,24.565050276955617,24.919548686223077
79,바이러스+치료제,TL11,28.03,1,36.6,24.742299481589345,24.565050276955617,24.919548686223077
339,바이러스+치료제,TH7,24.19,5,36.6,24.742299481589345,24.565050276955617,24.919548686223077
421,바이러스+치료제,TL13,28.67,14,36.6,24.742299481589345,24.565050276955617,24.919548686223077
81,바이러스+치료제,TL13,27.54,1,36.6,24.742299481589345,24.565050276955617,24.919548686223077
168,바이러스+치료제,TH6,24.76,2,36.6,24.742299481589345,24.565050276955617,24.919548686223077
414,바이러스+치료제,TL11,28.22,13,36.6,24.742299481589345,24.565050276955617,24.919548686223077
398,바이러스+치료제,TL15,31.42,9,36.7,24.79354858054122,24.614680253221312,24.972416907861128
403,바이러스+치료제,TL15,31.02,10,36.7,24.79354858054122,24.614680253221312,24.972416907861128
86,바이러스+치료제,TL3,23.55,1,36.7,24.79354858054122,24.614680253221312,24.972416907861128
28,바이러스+치료제,TH3,24.5,0,36.7,24.79354858054122,24.614680253221312,24.972416907861128
27,바이러스+치료제,TH2,23.7,0,36.7,24.79354858054122,24.614680253221312,24.972416907861128
157,바이러스+치료제,TL6,25.1,2,36.7,24.79354858054122,24.614680253221312,24.972416907861128
17,바이러스+치료제,TL3,24.23,0,36.7,24.79354858054122,24.614680253221312,24.972416907861128
277,바이러스+치료제,TL11,22.18,4,36.7,24.79354858054122,24.614680253221312,24.972416907861128
30,바이러스+치료제,TH5,21.71,0,36.8,24.84479767949309,24.664193809609223,25.02540154937697
56,바이러스+치료제,TH9,25.71,0,36.8,24.84479767949309,24.664193809609223,25.02540154937697
87,바이러스+치료제,TL4,23.51,1,36.8,24.84479767949309,24.664193809609223,25.02540154937697
307,바이러스+치료제,TL2,27.1,5,36.8,24.84479767949309,24.664193809609223,25.02540154937697
158,바이러스+치료제,TL7,24.48,2,36.8,24.84479767949309,24.664193809609223,25.02540154937697
248,바이러스+치료제,TH9,25.26,3,36.8,24.84479767949309,24.664193809609223,25.02540154937697
142,바이러스+치료제,TL5,25.32,2,36.8,24.84479767949309,24.664193809609223,25.02540154937697
394,바이러스+치료제,TL11,27.8,9,36.8,24.84479767949309,24.664193809609223,25.02540154937697
144,바이러스+치료제,TL7,26.99,2,36.8,24.84479767949309,24.664193809609223,25.02540154937697
222,바이러스+치료제,TL6,25.11,3,36.8,24.84479767949309,24.664193809609223,25.02540154937697
397,바이러스+치료제,TL14,24.36,9,36.8,24.84479767949309,24.664193809609223,25.02540154937697
241,바이러스+치료제,TL10,24.86,3,36.8,24.84479767949309,24.664193809609223,25.02540154937697
342,바이러스+치료제,TH10,19.04,5,36.9,24.89604677844497,24.71359426835065,25.078499288539284
97,바이러스+치료제,TH3,23.77,1,36.9,24.89604677844497,24.71359426835065,25.078499288539284
48,바이러스+치료제,TH1,22.67,0,36.9,24.89604677844497,24.71359426835065,25.078499288539284
34,바이러스+치료제,TH9,23.84,0,36.9,24.89604677844497,24.71359426835065,25.078499288539284
110,바이러스+치료제,TL5,36.45,1,36.9,24.89604677844497,24.71359426835065,25.078499288539284
102,바이러스+치료제,TH8,24.96,1,36.9,24.89604677844497,24.71359426835065,25.078499288539284
215,바이러스+치료제,TL10,21.96,3,36.9,24.89604677844497,24.71359426835065,25.078499288539284
212,바이러스+치료제,TL7,26.97,3,37.0,24.947295877396847,24.76288503068148,25.131706724112217
170,바이러스+치료제,TH8,24.13,2,37.0,24.947295877396847,24.76288503068148,25.131706724112217
169,바이러스+치료제,TH7,22.28,2,37.0,24.947295877396847,24.76288503068148,25.131706724112217
239,바이러스+치료제,TL8,25.58,3,37.0,24.947295877396847,24.76288503068148,25.131706724112217
111,바이러스+치료제,TL6,24.19,1,37.0,24.947295877396847,24.76288503068148,25.131706724112217
402,바이러스+치료제,TL14,25.0,10,37.0,24.947295877396847,24.76288503068148,25.131706724112217
49,바이러스+치료제,TH2,25.42,0,37.0,24.947295877396847,24.76288503068148,25.131706724112217
132,바이러스+치료제,TL5,25.9,1,37.0,24.947295877396847,24.76288503068148,25.131706724112217
194,바이러스+치료제,TH10,21.82,2,37.0,24.947295877396847,24.76288503068148,25.131706724112217
330,바이러스+치료제,TL6,22.36,5,37.0,24.947295877396847,24.76288503068148,25.131706724112217
50,바이러스+치료제,TH3,24.0,0,37.0,24.947295877396847,24.76288503068148,25.131706724112217
109,바이러스+치료제,TL4,23.36,1,37.1,24.99854497634872,24.81206955261487,25.18502040008257
114,바이러스+치료제,TL9,25.37,1,37.1,24.99854497634872,24.81206955261487,25.18502040008257
309,바이러스+치료제,TL4,24.93,5,37.1,24.99854497634872,24.81206955261487,25.18502040008257
119,바이러스+치료제,TH3,23.79,1,37.1,24.99854497634872,24.81206955261487,25.18502040008257
308,바이러스+치료제,TL3,26.57,5,37.1,24.99854497634872,24.81206955261487,25.18502040008257
171,바이러스+치료제,TH9,22.97,2,37.1,24.99854497634872,24.81206955261487,25.18502040008257
96,바이러스+치료제,TH2,23.04,1,37.1,24.99854497634872,24.81206955261487,25.18502040008257
91,바이러스+치료제,TL8,25.35,1,37.1,24.99854497634872,24.81206955261487,25.18502040008257
183,바이러스+치료제,TL10,24.16,2,37.1,24.99854497634872,24.81206955261487,25.18502040008257
288,바이러스+치료제,TL7,23.67,4,37.1,24.99854497634872,24.81206955261487,25.18502040008257
20,바이러스+치료제,TL6,26.53,0,37.1,24.99854497634872,24.81206955261487,25.18502040008257
137,바이러스+치료제,TL10,27.7,1,37.1,24.99854497634872,24.81206955261487,25.18502040008257
143,바이러스+치료제,TL6,19.99,2,37.1,24.99854497634872,24.81206955261487,25.18502040008257
306,바이러스+치료제,TL1,25.46,5,37.1,24.99854497634872,24.81206955261487,25.18502040008257
134,바이러스+치료제,TL7,22.7,1,37.1,24.99854497634872,24.81206955261487,25.18502040008257
104,바이러스+치료제,TH10,28.36,1,37.2,25.0497940753006,24.86115132232281,25.238436828278385
106,바이러스+치료제,TL1,20.14,1,37.2,25.0497940753006,24.86115132232281,25.238436828278385
399,바이러스+치료제,TL11,27.85,10,37.2,25.0497940753006,24.86115132232281,25.238436828278385
401,바이러스+치료제,TL13,27.3,10,37.2,25.0497940753006,24.86115132232281,25.238436828278385
1,바이러스+치료제,TL2,26.45,0,37.2,25.0497940753006,24.86115132232281,25.238436828278385
99,바이러스+치료제,TH5,21.0,1,37.2,25.0497940753006,24.86115132232281,25.238436828278385
160,바이러스+치료제,TL9,26.35,2,37.2,25.0497940753006,24.86115132232281,25.238436828278385
188,바이러스+치료제,TH4,24.03,2,37.2,25.0497940753006,24.86115132232281,25.238436828278385
120,바이러스+치료제,TH4,25.19,1,37.2,25.0497940753006,24.86115132232281,25.238436828278385
135,바이러스+치료제,TL8,24.1,1,37.2,25.0497940753006,24.86115132232281,25.238436828278385
178,바이러스+치료제,TL5,25.78,2,37.2,25.0497940753006,24.86115132232281,25.238436828278385
291,바이러스+치료제,TL10,24.71,4,37.3,25.10104317425247,24.910133839307235,25.291952509197703
94,바이러스+치료제,TL11,23.57,1,37.3,25.10104317425247,24.910133839307235,25.291952509197703
271,바이러스+치료제,TL5,21.01,4,37.3,25.10104317425247,24.910133839307235,25.291952509197703
21,바이러스+치료제,TL7,27.3,0,37.3,25.10104317425247,24.910133839307235,25.291952509197703
338,바이러스+치료제,TH6,20.68,5,37.3,25.10104317425247,24.910133839307235,25.291952509197703
193,바이러스+치료제,TH9,24.87,2,37.3,25.10104317425247,24.910133839307235,25.291952509197703
22,바이러스+치료제,TL8,26.0,0,37.3,25.10104317425247,24.910133839307235,25.291952509197703
100,바이러스+치료제,TH6,25.6,1,37.3,25.10104317425247,24.910133839307235,25.291952509197703
182,바이러스+치료제,TL9,24.62,2,37.3,25.10104317425247,24.910133839307235,25.291952509197703
172,바이러스+치료제,TH10,27.76,2,37.3,25.10104317425247,24.910133839307235,25.291952509197703
130,바이러스+치료제,TL3,25.5,1,37.3,25.10104317425247,24.910133839307235,25.291952509197703
334,바이러스+치료제,TL10,23.17,5,37.3,25.10104317425247,24.910133839307235,25.291952509197703
153,바이러스+치료제,TL1,24.84,2,37.3,25.10104317425247,24.910133839307235,25.291952509197703
282,바이러스+치료제,TH8,22.68,4,37.4,25.15229227320435,24.959020595477625,25.345563950931076
161,바이러스+치료제,TL10,26.62,2,37.4,25.15229227320435,24.959020595477625,25.345563950931076
227,바이러스+치료제,TL11,23.69,3,37.4,25.15229227320435,24.959020595477625,25.345563950931076
53,바이러스+치료제,TH6,25.39,0,37.5,25.203541372156227,25.00781505819397,25.399267686118485
58,바이러스+치료제,TH11,23.8,0,37.5,25.203541372156227,25.00781505819397,25.399267686118485
128,바이러스+치료제,TL1,20.9,1,37.5,25.203541372156227,25.00781505819397,25.399267686118485
0,바이러스+치료제,TL1,26.51,0,37.5,25.203541372156227,25.00781505819397,25.399267686118485
177,바이러스+치료제,TL4,22.56,2,37.5,25.203541372156227,25.00781505819397,25.399267686118485
310,바이러스+치료제,TL5,25.17,5,37.5,25.203541372156227,25.00781505819397,25.399267686118485
36,바이러스+치료제,TH11,26.0,0,37.6,25.2547904711081,25.056520655283613,25.45306028693259
195,바이러스+치료제,TH11,22.48,2,37.6,25.2547904711081,25.056520655283613,25.45306028693259
39,바이러스+치료제,TL3,22.66,0,37.6,25.2547904711081,25.056520655283613,25.45306028693259
8,바이러스+치료제,TL9,24.99,0,37.6,25.2547904711081,25.056520655283613,25.45306028693259
101,바이러스+치료제,TH7,24.35,1,37.6,25.2547904711081,25.056520655283613,25.45306028693259
129,바이러스+치료제,TL2,24.6,1,37.6,25.2547904711081,25.056520655283613,25.45306028693259
192,바이러스+치료제,TH8,23.7,2,37.6,25.2547904711081,25.056520655283613,25.45306028693259
167,바이러스+치료제,TH5,20.56,2,37.6,25.2547904711081,25.056520655283613,25.45306028693259
84,바이러스+치료제,TL1,25.53,1,37.6,25.2547904711081,25.056520655283613,25.45306028693259
2,바이러스+치료제,TL3,26.64,0,37.6,25.2547904711081,25.056520655283613,25.45306028693259
14,바이러스+치료제,TL15,30.97,0,37.6,25.2547904711081,25.056520655283613,25.45306028693259
13,바이러스+치료제,TL14,25.25,0,37.6,25.2547904711081,25.056520655283613,25.45306028693259
173,바이러스+치료제,TH11,24.83,2,37.6,25.2547904711081,25.056520655283613,25.45306028693259
131,바이러스+치료제,TL4,28.1,1,37.7,25.30603957005998,25.105140761997863,25.506938378122097
175,바이러스+치료제,TL2,26.0,2,37.7,25.30603957005998,25.105140761997863,25.506938378122097
115,바이러스+치료제,TL10,24.85,1,37.7,25.30603957005998,25.105140761997863,25.506938378122097
11,바이러스+치료제,TL12,25.85,0,37.7,25.30603957005998,25.105140761997863,25.506938378122097
117,바이러스+치료제,TH1,22.0,1,37.7,25.30603957005998,25.105140761997863,25.506938378122097
419,바이러스+치료제,TL11,28.89,14,37.7,25.30603957005998,25.105140761997863,25.506938378122097
279,바이러스+치료제,TH5,17.0,4,37.7,25.30603957005998,25.105140761997863,25.506938378122097
237,바이러스+치료제,TL6,24.52,3,37.7,25.30603957005998,25.105140761997863,25.506938378122097
98,바이러스+치료제,TH4,24.3,1,37.7,25.30603957005998,25.105140761997863,25.506938378122097
162,바이러스+치료제,TL11,24.0,2,37.7,25.30603957005998,25.105140761997863,25.506938378122097
4,바이러스+치료제,TL5,25.58,0,37.7,25.30603957005998,25.105140761997863,25.506938378122097
180,바이러스+치료제,TL7,27.39,2,37.8,25.35728866901185,25.153678689840003,25.5608986481837
9,바이러스+치료제,TL10,21.89,0,37.8,25.35728866901185,25.153678689840003,25.5608986481837
12,바이러스+치료제,TL13,27.54,0,37.8,25.35728866901185,25.153678689840003,25.5608986481837
45,바이러스+치료제,TL9,26.36,0,37.8,25.35728866901185,25.153678689840003,25.5608986481837
5,바이러스+치료제,TL6,19.97,0,37.8,25.35728866901185,25.153678689840003,25.5608986481837
125,바이러스+치료제,TH9,24.78,1,37.8,25.35728866901185,25.153678689840003,25.5608986481837
89,바이러스+치료제,TL6,25.39,1,37.8,25.35728866901185,25.153678689840003,25.5608986481837
57,바이러스+치료제,TH10,23.55,0,37.8,25.35728866901185,25.153678689840003,25.5608986481837
105,바이러스+치료제,TH11,25.04,1,37.9,25.40853776796373,25.20213767716962,25.61493785875784
184,바이러스+치료제,TL11,26.22,2,37.9,25.40853776796373,25.20213767716962,25.61493785875784
44,바이러스+치료제,TL8,26.68,0,37.9,25.40853776796373,25.20213767716962,25.61493785875784
90,바이러스+치료제,TL7,26.27,1,37.9,25.40853776796373,25.20213767716962,25.61493785875784
126,바이러스+치료제,TH10,23.02,1,37.9,25.40853776796373,25.20213767716962,25.61493785875784
289,바이러스+치료제,TL8,22.87,4,38.0,25.459786866915604,25.250520881468493,25.669052852362714
95,바이러스+치료제,TH1,25.0,1,38.0,25.459786866915604,25.250520881468493,25.669052852362714
124,바이러스+치료제,TH8,23.8,1,38.0,25.459786866915604,25.250520881468493,25.669052852362714
127,바이러스+치료제,TH11,23.53,1,38.0,25.459786866915604,25.250520881468493,25.669052852362714
6,바이러스+치료제,TL7,27.01,0,38.0,25.459786866915604,25.250520881468493,25.669052852362714
7,바이러스+치료제,TL8,26.01,0,38.0,25.459786866915604,25.250520881468493,25.669052852362714
3,바이러스+치료제,TL4,24.39,0,38.0,25.459786866915604,25.250520881468493,25.669052852362714
295,바이러스+치료제,TH6,21.35,4,38.0,25.459786866915604,25.250520881468493,25.669052852362714
274,바이러스+치료제,TL8,24.19,4,38.0,25.459786866915604,25.250520881468493,25.669052852362714
296,바이러스+치료제,TH7,23.99,4,38.0,25.459786866915604,25.250520881468493,25.669052852362714
23,바이러스+치료제,TL9,27.84,0,38.0,25.459786866915604,25.250520881468493,25.669052852362714
107,바이러스+치료제,TL2,26.0,1,38.1,25.51103596586748,25.298831373140647,25.72324055859432
287,바이러스+치료제,TL6,23.72,4,38.1,25.51103596586748,25.298831373140647,25.72324055859432
233,바이러스+치료제,TH9,22.28,3,38.1,25.51103596586748,25.298831373140647,25.72324055859432
190,바이러스+치료제,TH6,23.69,2,38.1,25.51103596586748,25.298831373140647,25.72324055859432
92,바이러스+치료제,TL9,26.47,1,38.1,25.51103596586748,25.298831373140647,25.72324055859432
93,바이러스+치료제,TL10,27.16,1,38.2,25.56228506481936,25.347072130711183,25.77749799892753
43,바이러스+치료제,TL7,27.83,0,38.2,25.56228506481936,25.347072130711183,25.77749799892753
37,바이러스+치료제,TL1,21.34,0,38.2,25.56228506481936,25.347072130711183,25.77749799892753
156,바이러스+치료제,TL5,23.58,2,38.2,25.56228506481936,25.347072130711183,25.77749799892753
297,바이러스+치료제,TH8,22.15,4,38.3,25.61353416377123,25.39524603728604,25.831822290256422
19,바이러스+치료제,TL5,25.44,0,38.3,25.61353416377123,25.39524603728604,25.831822290256422
122,바이러스+치료제,TH6,24.89,1,38.3,25.61353416377123,25.39524603728604,25.831822290256422
10,바이러스+치료제,TL11,28.63,0,38.3,25.61353416377123,25.39524603728604,25.831822290256422
85,바이러스+치료제,TL2,25.05,1,38.3,25.61353416377123,25.39524603728604,25.831822290256422
113,바이러스+치료제,TL8,25.26,1,38.4,25.66478326272311,25.44335587813562,25.8862106473106
121,바이러스+치료제,TH5,26.86,1,38.4,25.66478326272311,25.44335587813562,25.8862106473106
116,바이러스+치료제,TL11,26.02,1,38.4,25.66478326272311,25.44335587813562,25.8862106473106
179,바이러스+치료제,TL6,24.01,2,38.4,25.66478326272311,25.44335587813562,25.8862106473106
181,바이러스+치료제,TL8,25.96,2,38.5,25.716032361674984,25.491404339269103,25.94066038408086
46,바이러스+치료제,TL10,25.68,0,38.5,25.716032361674984,25.491404339269103,25.94066038408086
298,바이러스+치료제,TH9,24.64,4,38.7,25.818530559578736,25.587327367492108,26.049733751665364
112,바이러스+치료제,TL7,27.02,1,38.8,25.86977965853061,25.63520680884976,26.104352508211463
47,바이러스+치료제,TL11,27.59,0,38.8,25.86977965853061,25.63520680884976,26.104352508211463
88,바이러스+치료제,TL5,24.88,1,38.8,25.86977965853061,25.63520680884976,26.104352508211463
38,바이러스+치료제,TL2,27.22,0,38.9,25.921028757482485,25.683034621194164,26.159022893770807
12,음성 대조군,N1,22.7,0,34.0,23.40982290884057,23.213214483919757,23.60643133376139
14,음성 대조군,N3,24.2,0,34.5,23.66606840359995,23.50467510634213,23.82746170085777
174,음성 대조군,N3,23.0,13,35.0,23.92231389835933,23.79490111980457,24.04972667691409
169,음성 대조군,N2,24.97,12,35.1,23.973562997311205,23.852705826991738,24.094420167630677
168,음성 대조군,N1,23.38,12,35.1,23.973562997311205,23.852705826991738,24.094420167630677
13,음성 대조군,N2,25.6,0,35.1,23.973562997311205,23.852705826991738,24.094420167630677
83,음성 대조군,N4,26.55,4,35.2,24.024812096263084,23.910397818571056,24.13922637395511
87,음성 대조군,N4,26.55,4,35.2,24.024812096263084,23.910397818571056,24.13922637395511
84,음성 대조군,N1,28.7,4,35.3,24.076061195214955,23.96795693949149,24.18416545093842
80,음성 대조군,N1,28.7,4,35.3,24.076061195214955,23.96795693949149,24.18416545093842
73,음성 대조군,N2,22.0,3,35.3,24.076061195214955,23.96795693949149,24.18416545093842
170,음성 대조군,N3,23.46,12,35.4,24.127310294166836,24.02535851578688,24.22926207254679
95,음성 대조군,N1,23.53,5,35.4,24.127310294166836,24.02535851578688,24.22926207254679
179,음성 대조군,N4,26.96,14,35.5,24.178559393118707,24.0825722483142,24.274546537923214
64,음성 대조군,N4,26.14,3,35.6,24.229808492070585,24.13956088454449,24.32005609959668
164,음성 대조군,N1,23.1,11,35.6,24.229808492070585,24.13956088454449,24.32005609959668
113,음성 대조군,N4,24.6,5,35.6,24.229808492070585,24.13956088454449,24.32005609959668
149,음성 대조군,N2,22.8,7,35.6,24.229808492070585,24.13956088454449,24.32005609959668
155,음성 대조군,N4,25.14,8,35.6,24.229808492070585,24.13956088454449,24.32005609959668
68,음성 대조군,N4,26.14,3,35.6,24.229808492070585,24.13956088454449,24.32005609959668
66,음성 대조군,N2,24.42,3,35.7,24.281057591022464,24.19627869503873,24.3658364870062
171,음성 대조군,N4,26.1,12,35.7,24.281057591022464,24.19627869503873,24.3658364870062
17,음성 대조군,N3,22.9,0,35.7,24.281057591022464,24.19627869503873,24.3658364870062
96,음성 대조군,N2,25.39,5,35.7,24.281057591022464,24.19627869503873,24.3658364870062
107,음성 대조군,N1,23.9,5,35.7,24.281057591022464,24.19627869503873,24.3658364870062
143,음성 대조군,N3,24.0,7,35.8,24.33230668997433,24.252669866909663,24.41194351303901
97,음성 대조군,N3,23.14,5,35.8,24.33230668997433,24.252669866909663,24.41194351303901
154,음성 대조군,N3,23.0,8,35.8,24.33230668997433,24.252669866909663,24.41194351303901
62,음성 대조군,N2,24.42,3,35.8,24.33230668997433,24.252669866909663,24.41194351303901
153,음성 대조군,N2,25.13,8,35.8,24.33230668997433,24.252669866909663,24.41194351303901
110,음성 대조군,N1,24.8,5,35.8,24.33230668997433,24.252669866909663,24.41194351303901
139,음성 대조군,N3,24.0,7,35.8,24.33230668997433,24.252669866909663,24.41194351303901
178,음성 대조군,N3,23.42,14,35.8,24.33230668997433,24.252669866909663,24.41194351303901
91,음성 대조군,N1,24.9,4,35.8,24.33230668997433,24.252669866909663,24.41194351303901
72,음성 대조군,N1,24.6,3,35.8,24.33230668997433,24.252669866909663,24.41194351303901
144,음성 대조군,N4,26.73,7,35.9,24.383555788926213,24.3086670860731,24.458444491779325
77,음성 대조군,N2,24.5,4,35.9,24.383555788926213,24.3086670860731,24.458444491779325
165,음성 대조군,N2,25.03,11,35.9,24.383555788926213,24.3086670860731,24.458444491779325
102,음성 대조군,N4,27.02,5,35.9,24.383555788926213,24.3086670860731,24.458444491779325
8,음성 대조군,N1,28.3,0,35.9,24.383555788926213,24.3086670860731,24.458444491779325
106,음성 대조군,N4,27.02,5,35.9,24.383555788926213,24.3086670860731,24.458444491779325
26,음성 대조군,N4,26.44,1,35.9,24.383555788926213,24.3086670860731,24.458444491779325
4,음성 대조군,N1,28.3,0,35.9,24.383555788926213,24.3086670860731,24.458444491779325
167,음성 대조군,N4,25.64,11,35.9,24.383555788926213,24.3086670860731,24.458444491779325
30,음성 대조군,N4,26.44,1,35.9,24.383555788926213,24.3086670860731,24.458444491779325
176,음성 대조군,N1,23.66,14,35.9,24.383555788926213,24.3086670860731,24.458444491779325
173,음성 대조군,N2,24.81,13,35.9,24.383555788926213,24.3086670860731,24.458444491779325
140,음성 대조군,N4,26.74,7,35.9,24.383555788926213,24.3086670860731,24.458444491779325
60,음성 대조군,N4,25.63,3,35.9,24.383555788926213,24.3086670860731,24.458444491779325
115,음성 대조군,N2,25.42,6,36.0,24.434804887878087,24.364190839093265,24.50541893666291
119,음성 대조군,N2,24.25,6,36.0,24.434804887878087,24.364190839093265,24.50541893666291
6,음성 대조군,N3,23.63,0,36.0,24.434804887878087,24.364190839093265,24.50541893666291
123,음성 대조군,N2,24.25,6,36.0,24.434804887878087,24.364190839093265,24.50541893666291
152,음성 대조군,N1,23.36,8,36.0,24.434804887878087,24.364190839093265,24.50541893666291
98,음성 대조군,N4,26.1,5,36.0,24.434804887878087,24.364190839093265,24.50541893666291
10,음성 대조군,N3,23.63,0,36.0,24.434804887878087,24.364190839093265,24.50541893666291
16,음성 대조군,N2,22.2,0,36.0,24.434804887878087,24.364190839093265,24.50541893666291
116,음성 대조군,N3,22.84,6,36.0,24.434804887878087,24.364190839093265,24.50541893666291
78,음성 대조군,N3,23.29,4,36.1,24.486053986829965,24.41915031129473,24.5529576623652
18,음성 대조군,N4,24.0,0,36.1,24.486053986829965,24.41915031129473,24.5529576623652
172,음성 대조군,N1,23.17,13,36.1,24.486053986829965,24.41915031129473,24.5529576623652
166,음성 대조군,N3,22.89,11,36.1,24.486053986829965,24.41915031129473,24.5529576623652
88,음성 대조군,N1,23.4,4,36.2,24.53730308578184,24.47344706368495,24.60115910787873
160,음성 대조군,N1,23.0,10,36.2,24.53730308578184,24.47344706368495,24.60115910787873
67,음성 대조군,N3,23.79,3,36.2,24.53730308578184,24.47344706368495,24.60115910787873
35,음성 대조군,N2,22.1,1,36.2,24.53730308578184,24.47344706368495,24.60115910787873
112,음성 대조군,N3,23.1,5,36.2,24.53730308578184,24.47344706368495,24.60115910787873
63,음성 대조군,N3,23.79,3,36.2,24.53730308578184,24.47344706368495,24.60115910787873
117,음성 대조군,N4,25.7,6,36.2,24.53730308578184,24.47344706368495,24.60115910787873
61,음성 대조군,N1,28.82,3,36.2,24.53730308578184,24.47344706368495,24.60115910787873
65,음성 대조군,N1,28.82,3,36.2,24.53730308578184,24.47344706368495,24.60115910787873
131,음성 대조군,N3,24.0,6,36.3,24.588552184733715,24.52698260491114,24.65012176455629
7,음성 대조군,N4,26.32,0,36.3,24.588552184733715,24.52698260491114,24.65012176455629
82,음성 대조군,N3,23.55,4,36.3,24.588552184733715,24.52698260491114,24.65012176455629
11,음성 대조군,N4,26.32,0,36.3,24.588552184733715,24.52698260491114,24.65012176455629
135,음성 대조군,N3,23.3,7,36.3,24.588552184733715,24.52698260491114,24.65012176455629
92,음성 대조군,N2,22.3,4,36.3,24.588552184733715,24.52698260491114,24.65012176455629
86,음성 대조군,N3,23.55,4,36.3,24.588552184733715,24.52698260491114,24.65012176455629
163,음성 대조군,N4,25.91,10,36.3,24.588552184733715,24.52698260491114,24.65012176455629
29,음성 대조군,N3,23.56,1,36.3,24.588552184733715,24.52698260491114,24.65012176455629
27,음성 대조군,N1,28.0,1,36.3,24.588552184733715,24.52698260491114,24.65012176455629
25,음성 대조군,N3,23.56,1,36.3,24.588552184733715,24.52698260491114,24.65012176455629
23,음성 대조군,N1,28.0,1,36.3,24.588552184733715,24.52698260491114,24.65012176455629
55,음성 대조군,N3,23.3,2,36.4,24.63980128368559,24.57967003885735,24.699932528513827
49,음성 대조군,N4,26.67,2,36.4,24.63980128368559,24.57967003885735,24.699932528513827
142,음성 대조군,N2,25.01,7,36.4,24.63980128368559,24.57967003885735,24.699932528513827
45,음성 대조군,N4,26.67,2,36.4,24.63980128368559,24.57967003885735,24.699932528513827
74,음성 대조군,N3,23.3,3,36.4,24.63980128368559,24.57967003885735,24.699932528513827
114,음성 대조군,N1,23.5,6,36.4,24.63980128368559,24.57967003885735,24.699932528513827
122,음성 대조군,N1,28.68,6,36.4,24.63980128368559,24.57967003885735,24.699932528513827
85,음성 대조군,N2,24.26,4,36.4,24.63980128368559,24.57967003885735,24.699932528513827
138,음성 대조군,N2,25.01,7,36.4,24.63980128368559,24.57967003885735,24.699932528513827
118,음성 대조군,N1,28.68,6,36.4,24.63980128368559,24.57967003885735,24.699932528513827
81,음성 대조군,N2,24.26,4,36.4,24.63980128368559,24.57967003885735,24.699932528513827
57,음성 대조군,N1,23.0,3,36.4,24.63980128368559,24.57967003885735,24.699932528513827
44,음성 대조군,N3,23.87,2,36.5,24.691050382637467,24.63144793391903,24.750652831355904
111,음성 대조군,N2,22.7,5,36.5,24.691050382637467,24.63144793391903,24.750652831355904
48,음성 대조군,N3,23.87,2,36.5,24.691050382637467,24.63144793391903,24.750652831355904
24,음성 대조군,N2,24.35,1,36.5,24.691050382637467,24.63144793391903,24.750652831355904
28,음성 대조군,N2,24.35,1,36.5,24.691050382637467,24.63144793391903,24.750652831355904
99,음성 대조군,N1,29.17,5,36.5,24.691050382637467,24.63144793391903,24.750652831355904
133,음성 대조군,N1,29.59,7,36.5,24.691050382637467,24.63144793391903,24.750652831355904
79,음성 대조군,N4,26.0,4,36.5,24.691050382637467,24.63144793391903,24.750652831355904
103,음성 대조군,N1,29.17,5,36.5,24.691050382637467,24.63144793391903,24.750652831355904
134,음성 대조군,N2,24.82,7,36.6,24.742299481589345,24.682292240147586,24.80230672303111
75,음성 대조군,N4,23.2,3,36.6,24.742299481589345,24.682292240147586,24.80230672303111
43,음성 대조군,N2,24.68,2,36.6,24.742299481589345,24.682292240147586,24.80230672303111
162,음성 대조군,N3,20.99,10,36.6,24.742299481589345,24.682292240147586,24.80230672303111
47,음성 대조군,N2,24.68,2,36.6,24.742299481589345,24.682292240147586,24.80230672303111
101,음성 대조군,N3,24.0,5,36.7,24.79354858054122,24.73222144135112,24.85487571973132
105,음성 대조군,N3,24.0,5,36.7,24.79354858054122,24.73222144135112,24.85487571973132
15,음성 대조군,N1,24.5,0,36.7,24.79354858054122,24.73222144135112,24.85487571973132
148,음성 대조군,N1,25.5,7,36.7,24.79354858054122,24.73222144135112,24.85487571973132
19,음성 대조군,N1,23.86,1,36.7,24.79354858054122,24.73222144135112,24.85487571973132
56,음성 대조군,N4,24.5,2,36.7,24.79354858054122,24.73222144135112,24.85487571973132
125,음성 대조군,N4,26.32,6,36.7,24.79354858054122,24.73222144135112,24.85487571973132
69,음성 대조군,N1,23.4,3,36.8,24.84479767949309,24.781292570874903,24.90830278811129
53,음성 대조군,N1,24.4,2,36.8,24.84479767949309,24.781292570874903,24.90830278811129
130,음성 대조군,N2,23.0,6,36.8,24.84479767949309,24.781292570874903,24.90830278811129
39,음성 대조군,N2,24.57,2,36.8,24.84479767949309,24.781292570874903,24.90830278811129
121,음성 대조군,N4,26.32,6,36.8,24.84479767949309,24.781292570874903,24.90830278811129
132,음성 대조군,N4,24.8,6,36.8,24.84479767949309,24.781292570874903,24.90830278811129
141,음성 대조군,N1,29.3,7,36.9,24.89604677844497,24.82958993919158,24.96250361769836
137,음성 대조군,N1,29.3,7,36.9,24.89604677844497,24.82958993919158,24.96250361769836
58,음성 대조군,N2,24.27,3,36.9,24.89604677844497,24.82958993919158,24.96250361769836
94,음성 대조군,N4,24.5,4,36.9,24.89604677844497,24.82958993919158,24.96250361769836
71,음성 대조군,N3,25.7,3,36.9,24.89604677844497,24.82958993919158,24.96250361769836
161,음성 대조군,N2,25.16,10,36.9,24.89604677844497,24.82958993919158,24.96250361769836
34,음성 대조군,N1,24.1,1,36.9,24.89604677844497,24.82958993919158,24.96250361769836
177,음성 대조군,N2,25.0,14,37.0,24.947295877396847,24.877211242917756,25.017380511875945
93,음성 대조군,N3,23.2,4,37.0,24.947295877396847,24.877211242917756,25.017380511875945
124,음성 대조군,N3,23.41,6,37.0,24.947295877396847,24.877211242917756,25.017380511875945
31,음성 대조군,N1,23.4,1,37.0,24.947295877396847,24.877211242917756,25.017380511875945
120,음성 대조군,N3,23.42,6,37.0,24.947295877396847,24.877211242917756,25.017380511875945
108,음성 대조군,N2,27.8,5,37.0,24.947295877396847,24.877211242917756,25.017380511875945
9,음성 대조군,N2,24.11,0,37.1,24.99854497634872,24.92425545932134,25.072834493376103
5,음성 대조군,N2,24.11,0,37.1,24.99854497634872,24.92425545932134,25.072834493376103
20,음성 대조군,N2,24.66,1,37.1,24.99854497634872,24.92425545932134,25.072834493376103
22,음성 대조군,N4,25.97,1,37.1,24.99854497634872,24.92425545932134,25.072834493376103
50,음성 대조군,N1,24.0,2,37.1,24.99854497634872,24.92425545932134,25.072834493376103
41,음성 대조군,N4,25.82,2,37.2,25.0497940753006,24.970814707527555,25.128773443073644
129,음성 대조군,N1,25.8,6,37.2,25.0497940753006,24.970814707527555,25.128773443073644
21,음성 대조군,N3,22.76,1,37.2,25.0497940753006,24.970814707527555,25.128773443073644
32,음성 대조군,N2,27.0,1,37.2,25.0497940753006,24.970814707527555,25.128773443073644
150,음성 대조군,N3,23.6,7,37.2,25.0497940753006,24.970814707527555,25.128773443073644
89,음성 대조군,N2,28.0,4,37.3,25.10104317425247,25.01697010739349,25.185116241111448
37,음성 대조군,N4,23.9,1,37.3,25.10104317425247,25.01697010739349,25.185116241111448
40,음성 대조군,N3,22.68,2,37.3,25.10104317425247,25.01697010739349,25.185116241111448
42,음성 대조군,N1,28.12,2,37.3,25.10104317425247,25.01697010739349,25.185116241111448
46,음성 대조군,N1,28.12,2,37.3,25.10104317425247,25.01697010739349,25.185116241111448
59,음성 대조군,N3,22.68,3,37.3,25.10104317425247,25.01697010739349,25.185116241111448
76,음성 대조군,N1,23.55,4,37.3,25.10104317425247,25.01697010739349,25.185116241111448
146,음성 대조군,N2,28.9,7,37.4,25.15229227320435,25.06279058354492,25.24179396286378
38,음성 대조군,N1,23.21,2,37.4,25.15229227320435,25.06279058354492,25.24179396286378
36,음성 대조군,N3,22.5,1,37.4,25.15229227320435,25.06279058354492,25.24179396286378
175,음성 대조군,N4,25.84,13,37.4,25.15229227320435,25.06279058354492,25.24179396286378
136,음성 대조군,N4,25.97,7,37.4,25.15229227320435,25.06279058354492,25.24179396286378
156,음성 대조군,N1,23.25,9,37.5,25.203541372156227,25.108333409378485,25.29874933493397
157,음성 대조군,N2,25.28,9,37.5,25.203541372156227,25.108333409378485,25.29874933493397
151,음성 대조군,N4,24.7,7,37.5,25.203541372156227,25.108333409378485,25.29874933493397
90,음성 대조군,N3,25.3,4,37.5,25.203541372156227,25.108333409378485,25.29874933493397
126,음성 대조군,N1,24.5,6,37.5,25.203541372156227,25.108333409378485,25.29874933493397
54,음성 대조군,N2,22.3,2,37.7,25.30603957005998,25.19876534596209,25.41331379415787
109,음성 대조군,N3,25.7,5,37.7,25.30603957005998,25.19876534596209,25.41331379415787
158,음성 대조군,N3,23.03,9,37.7,25.30603957005998,25.19876534596209,25.41331379415787
145,음성 대조군,N1,25.8,7,37.7,25.30603957005998,25.19876534596209,25.41331379415787
100,음성 대조군,N2,24.4,5,37.9,25.40853776796373,25.28854656199587,25.52852897393159
52,음성 대조군,N3,25.8,2,37.9,25.40853776796373,25.28854656199587,25.52852897393159
51,음성 대조군,N2,28.0,2,37.9,25.40853776796373,25.28854656199587,25.52852897393159
104,음성 대조군,N2,24.4,5,37.9,25.40853776796373,25.28854656199587,25.52852897393159
127,음성 대조군,N2,28.7,6,37.9,25.40853776796373,25.28854656199587,25.52852897393159
159,음성 대조군,N4,25.89,9,37.9,25.40853776796373,25.28854656199587,25.52852897393159
128,음성 대조군,N3,26.4,6,38.0,25.459786866915604,25.3332540551556,25.58631967867561
2,음성 대조군,N3,22.14,0,38.0,25.459786866915604,25.3332540551556,25.58631967867561
0,음성 대조군,N1,23.36,0,38.1,25.51103596586748,25.377863343914843,25.64420858782012
33,음성 대조군,N3,25.5,1,38.1,25.51103596586748,25.377863343914843,25.64420858782012
3,음성 대조군,N4,25.75,0,38.1,25.51103596586748,25.377863343914843,25.64420858782012
147,음성 대조군,N3,26.3,7,38.3,25.61353416377123,25.46684083624689,25.760227491295566
70,음성 대조군,N2,28.4,3,38.4,25.66478326272311,25.51123026647512,25.818336258971097
1,음성 대조군,N2,24.31,0,38.7,25.818530559578736,25.644095228673816,25.992965890483656
