,Group,Sample,BT,dpi,BW,pred_y,CI_lower,CI_upper
383,바이러스+치료제,TL9,19.41,7,19.41,15.932579371761888,15.13575049498517,16.729408248538604
379,바이러스+치료제,TH8,19.54,7,19.54,15.999203200399325,15.208552140421533,16.789854260377115
381,바이러스+치료제,TL7,20.5,7,21.37,16.491194550337333,15.746090026622646,17.23629907405202
344,바이러스+치료제,TL8,21.1,5,18.1,16.798689144048588,16.081977346948392,17.515400941148783
359,바이러스+치료제,TL7,21.3,6,22.1,16.90118734195234,16.193925673986065,17.608449009918616
366,바이러스+치료제,TH9,21.5,6,22.11,17.003685539856093,16.305866466498394,17.701504613213793
358,바이러스+치료제,TH10,21.7,6,20.3,17.106183737759842,16.417799414431176,17.79456806108851
387,바이러스+치료제,TH9,21.78,7,21.78,17.147183016921346,16.462570324464835,17.831795709377857
385,바이러스+치료제,TH7,22.2,7,21.68,17.362429232519222,16.69759527322587,18.027263191812576
365,바이러스+치료제,TH8,22.6,6,20.21,17.567425628326724,16.921391394930787,18.21345986172266
386,바이러스+치료제,TH8,22.7,7,20.0,17.618674727278602,16.97733437820362,18.260015076353586
382,바이러스+치료제,TL8,23.2,7,20.4,17.87492022203798,17.257010255804637,18.49283018827132
355,바이러스+치료제,TH7,23.4,6,18.59,17.97741841994173,17.3688612666314,18.585975573252064
363,바이러스+치료제,TL11,23.5,6,20.03,18.028667518893606,17.424782370816313,18.6325526669709
384,바이러스+치료제,TL10,23.5,7,20.78,18.028667518893606,17.424782370816313,18.6325526669709
336,바이러스+치료제,TH4,23.8,5,20.47,18.182414815749237,17.592527241985326,18.772302389513147
380,바이러스+치료제,TH9,24.2,7,18.0,18.38741121155674,17.81614123011276,18.958681193000718
327,바이러스+치료제,TH10,24.9,5,22.1,18.74615490421987,18.207324414919526,19.284985393520216
388,바이러스+치료제,TH10,24.9,7,17.46,18.74615490421987,18.207324414919526,19.284985393520216
357,바이러스+치료제,TH9,25.4,6,18.96,19.002400398979248,18.486615051334518,19.518185746623978
361,바이러스+치료제,TL9,25.5,6,19.74,19.053649497931126,18.542459108207595,19.564839887654657
368,바이러스+치료제,TH11,25.6,6,18.0,19.104898596883004,18.598298176857245,19.611499016908763
360,바이러스+치료제,TL8,26.2,6,21.34,19.412393190594255,18.933219819548704,19.891566561639806
362,바이러스+치료제,TL10,26.8,6,21.23,19.719887784305513,19.267922762287643,20.171852806323383
305,바이러스+치료제,TL10,26.8,4,21.4,19.719887784305513,19.267922762287643,20.171852806323383
326,바이러스+치료제,TH9,27.9,5,20.0,20.283627872776144,19.880829952565993,20.686425792986295
367,바이러스+치료제,TH10,28.5,6,17.96,20.5911224664874,20.214646542729263,20.967598390245534
364,바이러스+치료제,TH7,28.7,6,22.65,20.69362066439115,20.32582313316616,21.06141819561614
337,바이러스+치료제,TH5,29.3,5,20.0,21.00111525810241,20.659015149705443,21.343215366499376
303,바이러스+치료제,TL8,29.5,4,19.0,21.10361345600616,20.76995211849025,21.437274793522068
321,바이러스+치료제,TH4,29.8,5,19.31,21.257360752861786,20.936221212998635,21.578500292724936
136,바이러스+치료제,TL9,30.3,1,22.8,21.513606247621166,21.212922431863245,21.814290063379087
356,바이러스+치료제,TH8,30.6,6,20.3,21.667353544476793,21.37865608216996,21.956051006783625
340,바이러스+치료제,TH8,31.1,5,21.0,21.923599039236173,21.65430806149515,22.192890016977195
331,바이러스+치료제,TL7,31.5,5,22.78,22.128595435043675,21.874222049480736,22.382968820606614
335,바이러스+치료제,TL11,31.8,5,21.2,22.282342731899302,22.038737693720723,22.52594777007788
324,바이러스+치료제,TH7,31.9,5,20.1,22.333591830851176,22.093486626711783,22.57369703499057
294,바이러스+치료제,TH5,32.1,4,21.52,22.436090028754933,22.202837929334336,22.66934212817553
328,바이러스+치료제,TL4,32.3,5,19.31,22.538588226658682,22.311979091783407,22.765197361533957
255,바이러스+치료제,TL10,32.8,3,23.0,22.79483372141806,22.583783920449704,23.005883522386412
59,바이러스+치료제,TL1,33.0,0,21.3,22.897331919321815,22.692029422630068,23.10263441601356
66,바이러스+치료제,TL8,33.0,0,23.8,22.897331919321815,22.692029422630068,23.10263441601356
332,바이러스+치료제,TL8,33.1,5,21.77,22.94858101827369,22.746038219183664,23.151123817363715
301,바이러스+치료제,TL6,33.3,4,15.8,23.05107921617744,22.853811960745706,23.24834647160917
284,바이러스+치료제,TH10,33.4,4,22.49,23.102328315129316,22.907570300268418,23.297086329990215
302,바이러스+치료제,TL7,33.4,4,18.1,23.102328315129316,22.907570300268418,23.297086329990215
273,바이러스+치료제,TL7,33.6,4,21.85,23.20482651303307,23.014812942733034,23.394840083333104
65,바이러스+치료제,TL7,33.6,0,24.1,23.20482651303307,23.014812942733034,23.394840083333104
323,바이러스+치료제,TH6,33.9,5,20.74,23.358573809888696,23.1749397290495,23.542207890727894
236,바이러스+치료제,TL5,33.9,3,23.69,23.358573809888696,23.1749397290495,23.542207890727894
64,바이러스+치료제,TL6,33.9,0,20.8,23.358573809888696,23.1749397290495,23.542207890727894
304,바이러스+치료제,TL9,34.0,4,16.6,23.40982290884057,23.228104781302594,23.591541036378548
61,바이러스+치료제,TL3,34.0,0,25.1,23.40982290884057,23.228104781302594,23.591541036378548
63,바이러스+치료제,TL5,34.1,0,26.5,23.46107200779245,23.281158802523805,23.640985213061093
231,바이러스+치료제,TH7,34.2,3,21.59,23.512321106744324,23.334098419333202,23.690543794155445
62,바이러스+치료제,TL4,34.3,0,28.7,23.563570205696198,23.386920347190948,23.74022006420145
272,바이러스+치료제,TL6,34.3,4,22.61,23.563570205696198,23.386920347190948,23.74022006420145
375,바이러스+치료제,TL12,34.4,7,23.23,23.614819304648073,23.43962141643111,23.790017192865037
264,바이러스+치료제,TL9,34.4,4,25.07,23.614819304648073,23.43962141643111,23.790017192865037
390,바이러스+치료제,TL12,34.4,8,21.97,23.614819304648073,23.43962141643111,23.790017192865037
371,바이러스+치료제,TL8,34.6,7,26.0,23.717317502551825,23.544649036818114,23.889985968285536
223,바이러스+치료제,TL7,34.6,3,23.87,23.717317502551825,23.544649036818114,23.889985968285536
174,바이러스+치료제,TL1,34.8,2,19.01,23.819815700455578,23.649159252064397,23.99047214884676
68,바이러스+치료제,TL10,34.8,0,26.7,23.819815700455578,23.649159252064397,23.99047214884676
333,바이러스+치료제,TL9,34.8,5,20.79,23.819815700455578,23.649159252064397,23.99047214884676
270,바이러스+치료제,TL15,34.8,4,31.03,23.819815700455578,23.649159252064397,23.99047214884676
139,바이러스+치료제,TL2,34.9,2,26.6,23.871064799407453,23.7012144019318,24.040915196883105
316,바이러스+치료제,TL11,34.9,5,28.32,23.871064799407453,23.7012144019318,24.040915196883105
374,바이러스+치료제,TL11,34.9,7,28.65,23.871064799407453,23.7012144019318,24.040915196883105
408,바이러스+치료제,TL15,34.9,11,31.24,23.871064799407453,23.7012144019318,24.040915196883105
60,바이러스+치료제,TL2,34.9,0,24.6,23.871064799407453,23.7012144019318,24.040915196883105
389,바이러스+치료제,TL11,34.9,8,25.53,23.871064799407453,23.7012144019318,24.040915196883105
393,바이러스+치료제,TL15,35.0,8,28.2,23.92231389835933,23.753133601067777,24.091494195650885
70,바이러스+치료제,TL2,35.0,1,27.02,23.92231389835933,23.753133601067777,24.091494195650885
258,바이러스+치료제,TL3,35.0,4,27.27,23.92231389835933,23.753133601067777,24.091494195650885
266,바이러스+치료제,TL11,35.0,4,28.42,23.92231389835933,23.753133601067777,24.091494195650885
267,바이러스+치료제,TL12,35.0,4,26.19,23.92231389835933,23.753133601067777,24.091494195650885
77,바이러스+치료제,TL9,35.1,1,25.24,23.973562997311205,23.80491522891637,24.14221076570604
320,바이러스+치료제,TL15,35.1,5,30.7,23.973562997311205,23.80491522891637,24.14221076570604
415,바이러스+치료제,TL12,35.1,13,25.99,23.973562997311205,23.80491522891637,24.14221076570604
165,바이러스+치료제,TH3,35.1,2,23.46,23.973562997311205,23.80491522891637,24.14221076570604
220,바이러스+치료제,TL15,35.1,3,30.46,23.973562997311205,23.80491522891637,24.14221076570604
71,바이러스+치료제,TL3,35.1,1,26.97,23.973562997311205,23.80491522891637,24.14221076570604
350,바이러스+치료제,TL11,35.1,6,28.36,23.973562997311205,23.80491522891637,24.14221076570604
322,바이러스+치료제,TH5,35.2,5,16.27,24.024812096263084,23.856557979221826,24.19306621330434
228,바이러스+치료제,TH4,35.2,3,22.98,24.024812096263084,23.856557979221826,24.19306621330434
69,바이러스+치료제,TL1,35.2,1,26.33,24.024812096263084,23.856557979221826,24.19306621330434
370,바이러스+치료제,TL7,35.2,7,26.27,24.024812096263084,23.856557979221826,24.19306621330434
318,바이러스+치료제,TL13,35.3,5,27.37,24.076061195214955,23.90806087574506,24.244061514684848
348,바이러스+치료제,TL9,35.3,6,26.27,24.076061195214955,23.90806087574506,24.244061514684848
378,바이러스+치료제,TL15,35.3,7,31.22,24.076061195214955,23.90806087574506,24.244061514684848
196,바이러스+치료제,TL1,35.3,2,19.8,24.076061195214955,23.90806087574506,24.244061514684848
247,바이러스+치료제,TH8,35.3,3,23.42,24.076061195214955,23.90806087574506,24.244061514684848
216,바이러스+치료제,TL11,35.3,3,27.88,24.076061195214955,23.90806087574506,24.244061514684848
313,바이러스+치료제,TL8,35.3,5,26.45,24.076061195214955,23.90806087574506,24.244061514684848
354,바이러스+치료제,TL15,35.3,6,30.66,24.076061195214955,23.90806087574506,24.244061514684848
185,바이러스+치료제,TH1,35.3,2,21.81,24.076061195214955,23.90806087574506,24.244061514684848
191,바이러스+치료제,TH7,35.3,2,24.18,24.076061195214955,23.90806087574506,24.244061514684848
319,바이러스+치료제,TL14,35.4,5,25.62,24.127310294166833,23.95942328422706,24.295197304106605
369,바이러스+치료제,TL6,35.4,7,20.23,24.127310294166833,23.95942328422706,24.295197304106605
218,바이러스+치료제,TL13,35.4,3,26.8,24.127310294166833,23.95942328422706,24.295197304106605
314,바이러스+치료제,TL9,35.4,5,25.76,24.127310294166833,23.95942328422706,24.295197304106605
312,바이러스+치료제,TL7,35.4,5,26.76,24.127310294166833,23.95942328422706,24.295197304106605
260,바이러스+치료제,TL5,35.4,4,25.31,24.127310294166833,23.95942328422706,24.295197304106605
351,바이러스+치료제,TL12,35.4,6,25.32,24.127310294166833,23.95942328422706,24.295197304106605
259,바이러스+치료제,TL4,35.4,4,25.0,24.127310294166833,23.95942328422706,24.295197304106605
146,바이러스+치료제,TL9,35.4,2,26.04,24.127310294166833,23.95942328422706,24.295197304106605
140,바이러스+치료제,TL3,35.4,2,26.67,24.127310294166833,23.95942328422706,24.295197304106605
285,바이러스+치료제,TL4,35.4,4,19.85,24.127310294166833,23.95942328422706,24.295197304106605
405,바이러스+치료제,TL12,35.4,11,25.76,24.127310294166833,23.95942328422706,24.295197304106605
299,바이러스+치료제,TH10,35.4,4,20.67,24.127310294166833,23.95942328422706,24.295197304106605
225,바이러스+치료제,TL9,35.5,3,25.2,24.178559393118707,24.01064492026147,24.346473865975945
163,바이러스+치료제,TH1,35.5,2,23.39,24.178559393118707,24.01064492026147,24.346473865975945
275,바이러스+치료제,TL9,35.5,4,22.64,24.178559393118707,24.01064492026147,24.346473865975945
235,바이러스+치료제,TL4,35.5,3,22.19,24.178559393118707,24.01064492026147,24.346473865975945
164,바이러스+치료제,TH2,35.5,2,22.36,24.178559393118707,24.01064492026147,24.346473865975945
292,바이러스+치료제,TL11,35.5,4,22.36,24.178559393118707,24.01064492026147,24.346473865975945
203,바이러스+치료제,TL8,35.5,2,23.5,24.178559393118707,24.01064492026147,24.346473865975945
15,바이러스+치료제,TL1,35.5,0,26.79,24.178559393118707,24.01064492026147,24.346473865975945
75,바이러스+치료제,TL7,35.5,1,26.22,24.178559393118707,24.01064492026147,24.346473865975945
76,바이러스+치료제,TL8,35.5,1,26.0,24.178559393118707,24.01064492026147,24.346473865975945
315,바이러스+치료제,TL10,35.5,5,22.58,24.178559393118707,24.01064492026147,24.346473865975945
67,바이러스+치료제,TL9,35.5,0,23.1,24.178559393118707,24.01064492026147,24.346473865975945
372,바이러스+치료제,TL9,35.5,7,23.8,24.178559393118707,24.01064492026147,24.346473865975945
417,바이러스+치료제,TL14,35.5,13,25.5,24.178559393118707,24.01064492026147,24.346473865975945
72,바이러스+치료제,TL4,35.6,1,23.65,24.229808492070585,24.061725852850444,24.397891131290727
73,바이러스+치료제,TL5,35.6,1,25.24,24.229808492070585,24.061725852850444,24.397891131290727
251,바이러스+치료제,TL6,35.6,3,17.4,24.229808492070585,24.061725852850444,24.397891131290727
263,바이러스+치료제,TL8,35.6,4,26.47,24.229808492070585,24.061725852850444,24.397891131290727
221,바이러스+치료제,TL5,35.6,3,22.68,24.229808492070585,24.061725852850444,24.397891131290727
416,바이러스+치료제,TL13,35.6,13,28.24,24.229808492070585,24.061725852850444,24.397891131290727
317,바이러스+치료제,TL12,35.6,5,25.71,24.229808492070585,24.061725852850444,24.397891131290727
418,바이러스+치료제,TL15,35.6,13,31.7,24.229808492070585,24.061725852850444,24.397891131290727
345,바이러스+치료제,TL6,35.6,6,20.52,24.229808492070585,24.061725852850444,24.397891131290727
201,바이러스+치료제,TL6,35.6,2,18.0,24.229808492070585,24.061725852850444,24.397891131290727
329,바이러스+치료제,TL5,35.6,5,20.72,24.229808492070585,24.061725852850444,24.397891131290727
243,바이러스+치료제,TH4,35.7,3,24.64,24.281057591022464,24.112666503540467,24.44944867850446
395,바이러스+치료제,TL12,35.7,9,24.53,24.281057591022464,24.112666503540467,24.44944867850446
41,바이러스+치료제,TL5,35.7,0,27.46,24.281057591022464,24.112666503540467,24.44944867850446
250,바이러스+치료제,TH11,35.7,3,22.54,24.281057591022464,24.112666503540467,24.44944867850446
311,바이러스+치료제,TL6,35.7,5,20.86,24.281057591022464,24.112666503540467,24.44944867850446
325,바이러스+치료제,TH8,35.7,5,21.46,24.281057591022464,24.112666503540467,24.44944867850446
265,바이러스+치료제,TL10,35.7,4,22.46,24.281057591022464,24.112666503540467,24.44944867850446
217,바이러스+치료제,TL12,35.7,3,25.62,24.281057591022464,24.112666503540467,24.44944867850446
413,바이러스+치료제,TL15,35.7,12,31.81,24.281057591022464,24.112666503540467,24.44944867850446
242,바이러스+치료제,TL11,35.8,3,25.4,24.332306689974335,24.163467641163322,24.501145738785347
256,바이러스+치료제,TL1,35.8,4,26.18,24.332306689974335,24.163467641163322,24.501145738785347
151,바이러스+치료제,TL14,35.8,2,25.22,24.332306689974335,24.163467641163322,24.501145738785347
410,바이러스+치료제,TL12,35.8,12,25.75,24.332306689974335,24.163467641163322,24.501145738785347
269,바이러스+치료제,TL14,35.8,4,25.51,24.332306689974335,24.163467641163322,24.501145738785347
186,바이러스+치료제,TH2,35.8,2,25.01,24.332306689974335,24.163467641163322,24.501145738785347
276,바이러스+치료제,TL10,35.8,4,22.79,24.332306689974335,24.163467641163322,24.501145738785347
80,바이러스+치료제,TL12,35.8,1,26.02,24.332306689974335,24.163467641163322,24.501145738785347
187,바이러스+치료제,TH3,35.8,2,23.04,24.332306689974335,24.163467641163322,24.501145738785347
412,바이러스+치료제,TL14,35.8,12,25.03,24.332306689974335,24.163467641163322,24.501145738785347
349,바이러스+치료제,TL10,35.8,6,21.0,24.332306689974335,24.163467641163322,24.501145738785347
346,바이러스+치료제,TL7,35.8,6,29.98,24.332306689974335,24.163467641163322,24.501145738785347
420,바이러스+치료제,TL12,35.8,14,26.31,24.332306689974335,24.163467641163322,24.501145738785347
404,바이러스+치료제,TL11,35.8,11,28.45,24.332306689974335,24.163467641163322,24.501145738785347
254,바이러스+치료제,TL9,35.8,3,18.9,24.332306689974335,24.163467641163322,24.501145738785347
409,바이러스+치료제,TL11,35.9,12,28.03,24.383555788926213,24.21413037233436,24.552981205518066
226,바이러스+치료제,TL10,35.9,3,26.0,24.383555788926213,24.21413037233436,24.552981205518066
240,바이러스+치료제,TL9,35.9,3,24.12,24.383555788926213,24.21413037233436,24.552981205518066
245,바이러스+치료제,TH6,35.9,3,23.35,24.383555788926213,24.21413037233436,24.552981205518066
206,바이러스+치료제,TL1,35.9,3,26.0,24.383555788926213,24.21413037233436,24.552981205518066
257,바이러스+치료제,TL2,35.9,4,26.83,24.383555788926213,24.21413037233436,24.552981205518066
74,바이러스+치료제,TL6,35.9,1,19.84,24.383555788926213,24.21413037233436,24.552981205518066
300,바이러스+치료제,TH11,35.9,4,20.15,24.383555788926213,24.21413037233436,24.552981205518066
376,바이러스+치료제,TL13,35.9,7,25.97,24.383555788926213,24.21413037233436,24.552981205518066
352,바이러스+치료제,TL13,35.9,6,27.24,24.383555788926213,24.21413037233436,24.552981205518066
373,바이러스+치료제,TL10,35.9,7,19.27,24.383555788926213,24.21413037233436,24.552981205518066
40,바이러스+치료제,TL4,35.9,0,25.01,24.383555788926213,24.21413037233436,24.552981205518066
261,바이러스+치료제,TL6,35.9,4,21.0,24.383555788926213,24.21413037233436,24.552981205518066
286,바이러스+치료제,TL5,35.9,4,21.72,24.383555788926213,24.21413037233436,24.552981205518066
152,바이러스+치료제,TL15,35.9,2,30.66,24.383555788926213,24.21413037233436,24.552981205518066
78,바이러스+치료제,TL10,35.9,1,21.21,24.383555788926213,24.21413037233436,24.552981205518066
29,바이러스+치료제,TH4,35.9,0,25.55,24.383555788926213,24.21413037233436,24.552981205518066
268,바이러스+치료제,TL13,35.9,4,27.74,24.383555788926213,24.21413037233436,24.552981205518066
207,바이러스+치료제,TL2,36.0,3,27.0,24.434804887878087,24.26465612797924,24.604953647776934
219,바이러스+치료제,TL14,36.0,3,25.43,24.434804887878087,24.26465612797924,24.604953647776934
280,바이러스+치료제,TH6,36.0,4,21.69,24.434804887878087,24.26465612797924,24.604953647776934
411,바이러스+치료제,TL13,36.0,12,28.01,24.434804887878087,24.26465612797924,24.604953647776934
423,바이러스+치료제,TL15,36.0,14,31.65,24.434804887878087,24.26465612797924,24.604953647776934
407,바이러스+치료제,TL14,36.0,11,25.37,24.434804887878087,24.26465612797924,24.604953647776934
51,바이러스+치료제,TH4,36.0,0,25.21,24.434804887878087,24.26465612797924,24.604953647776934
262,바이러스+치료제,TL7,36.0,4,27.02,24.434804887878087,24.26465612797924,24.604953647776934
249,바이러스+치료제,TH10,36.0,3,22.17,24.434804887878087,24.26465612797924,24.604953647776934
52,바이러스+치료제,TH5,36.0,0,27.19,24.434804887878087,24.26465612797924,24.604953647776934
32,바이러스+치료제,TH7,36.1,0,25.48,24.486053986829965,24.315046646265927,24.657061327394004
149,바이러스+치료제,TL12,36.1,2,25.8,24.486053986829965,24.315046646265927,24.657061327394004
82,바이러스+치료제,TL14,36.1,1,25.49,24.486053986829965,24.315046646265927,24.657061327394004
353,바이러스+치료제,TL14,36.1,6,25.73,24.486053986829965,24.315046646265927,24.657061327394004
391,바이러스+치료제,TL13,36.1,8,24.02,24.486053986829965,24.315046646265927,24.657061327394004
341,바이러스+치료제,TH9,36.1,5,23.51,24.486053986829965,24.315046646265927,24.657061327394004
377,바이러스+치료제,TL14,36.1,7,25.17,24.486053986829965,24.315046646265927,24.657061327394004
343,바이러스+치료제,TH11,36.1,5,19.02,24.486053986829965,24.315046646265927,24.657061327394004
197,바이러스+치료제,TL2,36.1,2,23.4,24.486053986829965,24.315046646265927,24.657061327394004
198,바이러스+치료제,TL3,36.1,2,23.9,24.486053986829965,24.315046646265927,24.657061327394004
205,바이러스+치료제,TL10,36.2,2,25.8,24.53730308578184,24.36530395240515,24.70930221915853
230,바이러스+치료제,TH6,36.2,3,24.0,24.53730308578184,24.36530395240515,24.70930221915853
347,바이러스+치료제,TL8,36.2,6,25.58,24.53730308578184,24.36530395240515,24.70930221915853
234,바이러스+치료제,TH10,36.2,3,26.73,24.53730308578184,24.36530395240515,24.70930221915853
253,바이러스+치료제,TL8,36.2,3,20.6,24.53730308578184,24.36530395240515,24.70930221915853
293,바이러스+치료제,TH4,36.2,4,20.99,24.53730308578184,24.36530395240515,24.70930221915853
211,바이러스+치료제,TL6,36.2,3,20.31,24.53730308578184,24.36530395240515,24.70930221915853
33,바이러스+치료제,TH8,36.2,0,25.76,24.53730308578184,24.36530395240515,24.70930221915853
204,바이러스+치료제,TL9,36.2,2,19.8,24.53730308578184,24.36530395240515,24.70930221915853
189,바이러스+치료제,TH5,36.2,2,25.39,24.53730308578184,24.36530395240515,24.70930221915853
141,바이러스+치료제,TL4,36.2,2,24.0,24.53730308578184,24.36530395240515,24.70930221915853
147,바이러스+치료제,TL10,36.2,2,21.53,24.53730308578184,24.36530395240515,24.70930221915853
150,바이러스+치료제,TL13,36.2,2,27.21,24.53730308578184,24.36530395240515,24.70930221915853
148,바이러스+치료제,TL11,36.2,2,28.14,24.53730308578184,24.36530395240515,24.70930221915853
290,바이러스+치료제,TL9,36.3,4,22.0,24.588552184733715,24.415430335847574,24.761674033619855
244,바이러스+치료제,TH5,36.3,3,24.18,24.588552184733715,24.415430335847574,24.761674033619855
55,바이러스+치료제,TH8,36.3,0,24.67,24.588552184733715,24.415430335847574,24.761674033619855
283,바이러스+치료제,TH9,36.3,4,20.84,24.588552184733715,24.415430335847574,24.761674033619855
252,바이러스+치료제,TL7,36.3,3,20.3,24.588552184733715,24.415430335847574,24.761674033619855
238,바이러스+치료제,TL7,36.3,3,26.02,24.588552184733715,24.415430335847574,24.761674033619855
154,바이러스+치료제,TL2,36.3,2,24.33,24.588552184733715,24.415430335847574,24.761674033619855
176,바이러스+치료제,TL3,36.3,2,22.0,24.588552184733715,24.415430335847574,24.761674033619855
155,바이러스+치료제,TL3,36.3,2,24.18,24.588552184733715,24.415430335847574,24.761674033619855
208,바이러스+치료제,TL3,36.3,3,27.22,24.588552184733715,24.415430335847574,24.761674033619855
400,바이러스+치료제,TL12,36.3,10,24.96,24.588552184733715,24.415430335847574,24.761674033619855
406,바이러스+치료제,TL13,36.3,11,28.02,24.588552184733715,24.415430335847574,24.761674033619855
214,바이러스+치료제,TL9,36.3,3,25.64,24.588552184733715,24.415430335847574,24.761674033619855
229,바이러스+치료제,TH5,36.3,3,18.56,24.588552184733715,24.415430335847574,24.761674033619855
232,바이러스+치료제,TH8,36.4,3,24.15,24.63980128368559,24.465428325446485,24.814174241924693
138,바이러스+치료제,TL1,36.4,2,26.43,24.63980128368559,24.465428325446485,24.814174241924693
278,바이러스+치료제,TH4,36.4,4,20.34,24.63980128368559,24.465428325446485,24.814174241924693
118,바이러스+치료제,TH2,36.4,1,25.1,24.63980128368559,24.465428325446485,24.814174241924693
224,바이러스+치료제,TL8,36.4,3,24.28,24.63980128368559,24.465428325446485,24.814174241924693
108,바이러스+치료제,TL3,36.4,1,22.21,24.63980128368559,24.465428325446485,24.814174241924693
83,바이러스+치료제,TL15,36.4,1,31.0,24.63980128368559,24.465428325446485,24.814174241924693
42,바이러스+치료제,TL6,36.4,0,25.51,24.63980128368559,24.465428325446485,24.814174241924693
25,바이러스+치료제,TL11,36.4,0,24.73,24.63980128368559,24.465428325446485,24.814174241924693
213,바이러스+치료제,TL8,36.4,3,26.13,24.63980128368559,24.465428325446485,24.814174241924693
18,바이러스+치료제,TL4,36.4,0,24.13,24.63980128368559,24.465428325446485,24.814174241924693
210,바이러스+치료제,TL5,36.4,3,24.98,24.63980128368559,24.465428325446485,24.814174241924693
123,바이러스+치료제,TH7,36.4,1,24.97,24.63980128368559,24.465428325446485,24.814174241924693
54,바이러스+치료제,TH7,36.5,0,25.11,24.691050382637467,24.515300663171875,24.86680010210306
145,바이러스+치료제,TL8,36.5,2,25.6,24.691050382637467,24.515300663171875,24.86680010210306
392,바이러스+치료제,TL14,36.5,8,23.02,24.691050382637467,24.515300663171875,24.86680010210306
396,바이러스+치료제,TL13,36.5,9,27.7,24.691050382637467,24.515300663171875,24.86680010210306
159,바이러스+치료제,TL8,36.5,2,24.53,24.691050382637467,24.515300663171875,24.86680010210306
166,바이러스+치료제,TH4,36.5,2,24.18,24.691050382637467,24.515300663171875,24.86680010210306
281,바이러스+치료제,TH7,36.5,4,20.64,24.691050382637467,24.515300663171875,24.86680010210306
202,바이러스+치료제,TL7,36.5,2,21.8,24.691050382637467,24.515300663171875,24.86680010210306
199,바이러스+치료제,TL4,36.5,2,27.4,24.691050382637467,24.515300663171875,24.86680010210306
209,바이러스+치료제,TL4,36.5,3,24.25,24.691050382637467,24.515300663171875,24.86680010210306
246,바이러스+치료제,TH7,36.5,3,24.51,24.691050382637467,24.515300663171875,24.86680010210306
200,바이러스+치료제,TL5,36.5,2,25.7,24.691050382637467,24.515300663171875,24.86680010210306
422,바이러스+치료제,TL14,36.5,14,25.65,24.691050382637467,24.515300663171875,24.86680010210306
26,바이러스+치료제,TH1,36.6,0,25.89,24.742299481589345,24.565050276955617,24.919548686223074
103,바이러스+치료제,TH9,36.6,1,23.0,24.742299481589345,24.565050276955617,24.919548686223074
16,바이러스+치료제,TL2,36.6,0,25.17,24.742299481589345,24.565050276955617,24.919548686223074
133,바이러스+치료제,TL6,36.6,1,19.6,24.742299481589345,24.565050276955617,24.919548686223074
31,바이러스+치료제,TH6,36.6,0,26.0,24.742299481589345,24.565050276955617,24.919548686223074
35,바이러스+치료제,TH10,36.6,0,29.44,24.742299481589345,24.565050276955617,24.919548686223074
24,바이러스+치료제,TL10,36.6,0,28.0,24.742299481589345,24.565050276955617,24.919548686223074
79,바이러스+치료제,TL11,36.6,1,28.03,24.742299481589345,24.565050276955617,24.919548686223074
339,바이러스+치료제,TH7,36.6,5,24.19,24.742299481589345,24.565050276955617,24.919548686223074
421,바이러스+치료제,TL13,36.6,14,28.67,24.742299481589345,24.565050276955617,24.919548686223074
81,바이러스+치료제,TL13,36.6,1,27.54,24.742299481589345,24.565050276955617,24.919548686223074
168,바이러스+치료제,TH6,36.6,2,24.76,24.742299481589345,24.565050276955617,24.919548686223074
414,바이러스+치료제,TL11,36.6,13,28.22,24.742299481589345,24.565050276955617,24.919548686223074
398,바이러스+치료제,TL15,36.7,9,31.42,24.79354858054122,24.614680253221312,24.972416907861128
403,바이러스+치료제,TL15,36.7,10,31.02,24.79354858054122,24.614680253221312,24.972416907861128
86,바이러스+치료제,TL3,36.7,1,23.55,24.79354858054122,24.614680253221312,24.972416907861128
28,바이러스+치료제,TH3,36.7,0,24.5,24.79354858054122,24.614680253221312,24.972416907861128
27,바이러스+치료제,TH2,36.7,0,23.7,24.79354858054122,24.614680253221312,24.972416907861128
157,바이러스+치료제,TL6,36.7,2,25.1,24.79354858054122,24.614680253221312,24.972416907861128
17,바이러스+치료제,TL3,36.7,0,24.23,24.79354858054122,24.614680253221312,24.972416907861128
277,바이러스+치료제,TL11,36.7,4,22.18,24.79354858054122,24.614680253221312,24.972416907861128
30,바이러스+치료제,TH5,36.8,0,21.71,24.844797679493094,24.664193809609223,25.025401549376966
56,바이러스+치료제,TH9,36.8,0,25.71,24.844797679493094,24.664193809609223,25.025401549376966
87,바이러스+치료제,TL4,36.8,1,23.51,24.844797679493094,24.664193809609223,25.025401549376966
307,바이러스+치료제,TL2,36.8,5,27.1,24.844797679493094,24.664193809609223,25.025401549376966
158,바이러스+치료제,TL7,36.8,2,24.48,24.844797679493094,24.664193809609223,25.025401549376966
248,바이러스+치료제,TH9,36.8,3,25.26,24.844797679493094,24.664193809609223,25.025401549376966
142,바이러스+치료제,TL5,36.8,2,25.32,24.844797679493094,24.664193809609223,25.025401549376966
394,바이러스+치료제,TL11,36.8,9,27.8,24.844797679493094,24.664193809609223,25.025401549376966
144,바이러스+치료제,TL7,36.8,2,26.99,24.844797679493094,24.664193809609223,25.025401549376966
222,바이러스+치료제,TL6,36.8,3,25.11,24.844797679493094,24.664193809609223,25.025401549376966
397,바이러스+치료제,TL14,36.8,9,24.36,24.844797679493094,24.664193809609223,25.025401549376966
241,바이러스+치료제,TL10,36.8,3,24.86,24.844797679493094,24.664193809609223,25.025401549376966
342,바이러스+치료제,TH10,36.9,5,19.04,24.89604677844497,24.713594268350654,25.078499288539284
97,바이러스+치료제,TH3,36.9,1,23.77,24.89604677844497,24.713594268350654,25.078499288539284
48,바이러스+치료제,TH1,36.9,0,22.67,24.89604677844497,24.713594268350654,25.078499288539284
34,바이러스+치료제,TH9,36.9,0,23.84,24.89604677844497,24.713594268350654,25.078499288539284
110,바이러스+치료제,TL5,36.9,1,36.45,24.89604677844497,24.713594268350654,25.078499288539284
102,바이러스+치료제,TH8,36.9,1,24.96,24.89604677844497,24.713594268350654,25.078499288539284
215,바이러스+치료제,TL10,36.9,3,21.96,24.89604677844497,24.713594268350654,25.078499288539284
212,바이러스+치료제,TL7,37.0,3,26.97,24.947295877396847,24.762885030681478,25.131706724112217
170,바이러스+치료제,TH8,37.0,2,24.13,24.947295877396847,24.762885030681478,25.131706724112217
169,바이러스+치료제,TH7,37.0,2,22.28,24.947295877396847,24.762885030681478,25.131706724112217
239,바이러스+치료제,TL8,37.0,3,25.58,24.947295877396847,24.762885030681478,25.131706724112217
111,바이러스+치료제,TL6,37.0,1,24.19,24.947295877396847,24.762885030681478,25.131706724112217
402,바이러스+치료제,TL14,37.0,10,25.0,24.947295877396847,24.762885030681478,25.131706724112217
49,바이러스+치료제,TH2,37.0,0,25.42,24.947295877396847,24.762885030681478,25.131706724112217
132,바이러스+치료제,TL5,37.0,1,25.9,24.947295877396847,24.762885030681478,25.131706724112217
194,바이러스+치료제,TH10,37.0,2,21.82,24.947295877396847,24.762885030681478,25.131706724112217
330,바이러스+치료제,TL6,37.0,5,22.36,24.947295877396847,24.762885030681478,25.131706724112217
50,바이러스+치료제,TH3,37.0,0,24.0,24.947295877396847,24.762885030681478,25.131706724112217
109,바이러스+치료제,TL4,37.1,1,23.36,24.99854497634872,24.81206955261487,25.185020400082575
114,바이러스+치료제,TL9,37.1,1,25.37,24.99854497634872,24.81206955261487,25.185020400082575
309,바이러스+치료제,TL4,37.1,5,24.93,24.99854497634872,24.81206955261487,25.185020400082575
119,바이러스+치료제,TH3,37.1,1,23.79,24.99854497634872,24.81206955261487,25.185020400082575
308,바이러스+치료제,TL3,37.1,5,26.57,24.99854497634872,24.81206955261487,25.185020400082575
171,바이러스+치료제,TH9,37.1,2,22.97,24.99854497634872,24.81206955261487,25.185020400082575
96,바이러스+치료제,TH2,37.1,1,23.04,24.99854497634872,24.81206955261487,25.185020400082575
91,바이러스+치료제,TL8,37.1,1,25.35,24.99854497634872,24.81206955261487,25.185020400082575
183,바이러스+치료제,TL10,37.1,2,24.16,24.99854497634872,24.81206955261487,25.185020400082575
288,바이러스+치료제,TL7,37.1,4,23.67,24.99854497634872,24.81206955261487,25.185020400082575
20,바이러스+치료제,TL6,37.1,0,26.53,24.99854497634872,24.81206955261487,25.185020400082575
137,바이러스+치료제,TL10,37.1,1,27.7,24.99854497634872,24.81206955261487,25.185020400082575
143,바이러스+치료제,TL6,37.1,2,19.99,24.99854497634872,24.81206955261487,25.185020400082575
306,바이러스+치료제,TL1,37.1,5,25.46,24.99854497634872,24.81206955261487,25.185020400082575
134,바이러스+치료제,TL7,37.1,1,22.7,24.99854497634872,24.81206955261487,25.185020400082575
104,바이러스+치료제,TH10,37.2,1,28.36,25.0497940753006,24.861151322322815,25.238436828278385
106,바이러스+치료제,TL1,37.2,1,20.14,25.0497940753006,24.861151322322815,25.238436828278385
399,바이러스+치료제,TL11,37.2,10,27.85,25.0497940753006,24.861151322322815,25.238436828278385
401,바이러스+치료제,TL13,37.2,10,27.3,25.0497940753006,24.861151322322815,25.238436828278385
1,바이러스+치료제,TL2,37.2,0,26.45,25.0497940753006,24.861151322322815,25.238436828278385
99,바이러스+치료제,TH5,37.2,1,21.0,25.0497940753006,24.861151322322815,25.238436828278385
160,바이러스+치료제,TL9,37.2,2,26.35,25.0497940753006,24.861151322322815,25.238436828278385
188,바이러스+치료제,TH4,37.2,2,24.03,25.0497940753006,24.861151322322815,25.238436828278385
120,바이러스+치료제,TH4,37.2,1,25.19,25.0497940753006,24.861151322322815,25.238436828278385
135,바이러스+치료제,TL8,37.2,1,24.1,25.0497940753006,24.861151322322815,25.238436828278385
178,바이러스+치료제,TL5,37.2,2,25.78,25.0497940753006,24.861151322322815,25.238436828278385
291,바이러스+치료제,TL10,37.3,4,24.71,25.10104317425247,24.910133839307235,25.291952509197706
94,바이러스+치료제,TL11,37.3,1,23.57,25.10104317425247,24.910133839307235,25.291952509197706
271,바이러스+치료제,TL5,37.3,4,21.01,25.10104317425247,24.910133839307235,25.291952509197706
21,바이러스+치료제,TL7,37.3,0,27.3,25.10104317425247,24.910133839307235,25.291952509197706
338,바이러스+치료제,TH6,37.3,5,20.68,25.10104317425247,24.910133839307235,25.291952509197706
193,바이러스+치료제,TH9,37.3,2,24.87,25.10104317425247,24.910133839307235,25.291952509197706
22,바이러스+치료제,TL8,37.3,0,26.0,25.10104317425247,24.910133839307235,25.291952509197706
100,바이러스+치료제,TH6,37.3,1,25.6,25.10104317425247,24.910133839307235,25.291952509197706
182,바이러스+치료제,TL9,37.3,2,24.62,25.10104317425247,24.910133839307235,25.291952509197706
172,바이러스+치료제,TH10,37.3,2,27.76,25.10104317425247,24.910133839307235,25.291952509197706
130,바이러스+치료제,TL3,37.3,1,25.5,25.10104317425247,24.910133839307235,25.291952509197706
334,바이러스+치료제,TL10,37.3,5,23.17,25.10104317425247,24.910133839307235,25.291952509197706
153,바이러스+치료제,TL1,37.3,2,24.84,25.10104317425247,24.910133839307235,25.291952509197706
282,바이러스+치료제,TH8,37.4,4,22.68,25.15229227320435,24.959020595477625,25.345563950931073
161,바이러스+치료제,TL10,37.4,2,26.62,25.15229227320435,24.959020595477625,25.345563950931073
227,바이러스+치료제,TL11,37.4,3,23.69,25.15229227320435,24.959020595477625,25.345563950931073
53,바이러스+치료제,TH6,37.5,0,25.39,25.203541372156227,25.00781505819397,25.399267686118485
58,바이러스+치료제,TH11,37.5,0,23.8,25.203541372156227,25.00781505819397,25.399267686118485
128,바이러스+치료제,TL1,37.5,1,20.9,25.203541372156227,25.00781505819397,25.399267686118485
0,바이러스+치료제,TL1,37.5,0,26.51,25.203541372156227,25.00781505819397,25.399267686118485
177,바이러스+치료제,TL4,37.5,2,22.56,25.203541372156227,25.00781505819397,25.399267686118485
310,바이러스+치료제,TL5,37.5,5,25.17,25.203541372156227,25.00781505819397,25.399267686118485
36,바이러스+치료제,TH11,37.6,0,26.0,25.2547904711081,25.056520655283613,25.45306028693259
195,바이러스+치료제,TH11,37.6,2,22.48,25.2547904711081,25.056520655283613,25.45306028693259
39,바이러스+치료제,TL3,37.6,0,22.66,25.2547904711081,25.056520655283613,25.45306028693259
8,바이러스+치료제,TL9,37.6,0,24.99,25.2547904711081,25.056520655283613,25.45306028693259
101,바이러스+치료제,TH7,37.6,1,24.35,25.2547904711081,25.056520655283613,25.45306028693259
129,바이러스+치료제,TL2,37.6,1,24.6,25.2547904711081,25.056520655283613,25.45306028693259
192,바이러스+치료제,TH8,37.6,2,23.7,25.2547904711081,25.056520655283613,25.45306028693259
167,바이러스+치료제,TH5,37.6,2,20.56,25.2547904711081,25.056520655283613,25.45306028693259
84,바이러스+치료제,TL1,37.6,1,25.53,25.2547904711081,25.056520655283613,25.45306028693259
2,바이러스+치료제,TL3,37.6,0,26.64,25.2547904711081,25.056520655283613,25.45306028693259
14,바이러스+치료제,TL15,37.6,0,30.97,25.2547904711081,25.056520655283613,25.45306028693259
13,바이러스+치료제,TL14,37.6,0,25.25,25.2547904711081,25.056520655283613,25.45306028693259
173,바이러스+치료제,TH11,37.6,2,24.83,25.2547904711081,25.056520655283613,25.45306028693259
131,바이러스+치료제,TL4,37.7,1,28.1,25.30603957005998,25.105140761997863,25.506938378122097
175,바이러스+치료제,TL2,37.7,2,26.0,25.30603957005998,25.105140761997863,25.506938378122097
115,바이러스+치료제,TL10,37.7,1,24.85,25.30603957005998,25.105140761997863,25.506938378122097
11,바이러스+치료제,TL12,37.7,0,25.85,25.30603957005998,25.105140761997863,25.506938378122097
117,바이러스+치료제,TH1,37.7,1,22.0,25.30603957005998,25.105140761997863,25.506938378122097
419,바이러스+치료제,TL11,37.7,14,28.89,25.30603957005998,25.105140761997863,25.506938378122097
279,바이러스+치료제,TH5,37.7,4,17.0,25.30603957005998,25.105140761997863,25.506938378122097
237,바이러스+치료제,TL6,37.7,3,24.52,25.30603957005998,25.105140761997863,25.506938378122097
98,바이러스+치료제,TH4,37.7,1,24.3,25.30603957005998,25.105140761997863,25.506938378122097
162,바이러스+치료제,TL11,37.7,2,24.0,25.30603957005998,25.105140761997863,25.506938378122097
4,바이러스+치료제,TL5,37.7,0,25.58,25.30603957005998,25.105140761997863,25.506938378122097
180,바이러스+치료제,TL7,37.8,2,27.39,25.35728866901185,25.153678689840003,25.5608986481837
9,바이러스+치료제,TL10,37.8,0,21.89,25.35728866901185,25.153678689840003,25.5608986481837
12,바이러스+치료제,TL13,37.8,0,27.54,25.35728866901185,25.153678689840003,25.5608986481837
45,바이러스+치료제,TL9,37.8,0,26.36,25.35728866901185,25.153678689840003,25.5608986481837
5,바이러스+치료제,TL6,37.8,0,19.97,25.35728866901185,25.153678689840003,25.5608986481837
125,바이러스+치료제,TH9,37.8,1,24.78,25.35728866901185,25.153678689840003,25.5608986481837
89,바이러스+치료제,TL6,37.8,1,25.39,25.35728866901185,25.153678689840003,25.5608986481837
57,바이러스+치료제,TH10,37.8,0,23.55,25.35728866901185,25.153678689840003,25.5608986481837
105,바이러스+치료제,TH11,37.9,1,25.04,25.40853776796373,25.20213767716962,25.614937858757838
184,바이러스+치료제,TL11,37.9,2,26.22,25.40853776796373,25.20213767716962,25.614937858757838
44,바이러스+치료제,TL8,37.9,0,26.68,25.40853776796373,25.20213767716962,25.614937858757838
90,바이러스+치료제,TL7,37.9,1,26.27,25.40853776796373,25.20213767716962,25.614937858757838
126,바이러스+치료제,TH10,37.9,1,23.02,25.40853776796373,25.20213767716962,25.614937858757838
289,바이러스+치료제,TL8,38.0,4,22.87,25.459786866915604,25.250520881468493,25.669052852362714
95,바이러스+치료제,TH1,38.0,1,25.0,25.459786866915604,25.250520881468493,25.669052852362714
124,바이러스+치료제,TH8,38.0,1,23.8,25.459786866915604,25.250520881468493,25.669052852362714
127,바이러스+치료제,TH11,38.0,1,23.53,25.459786866915604,25.250520881468493,25.669052852362714
6,바이러스+치료제,TL7,38.0,0,27.01,25.459786866915604,25.250520881468493,25.669052852362714
7,바이러스+치료제,TL8,38.0,0,26.01,25.459786866915604,25.250520881468493,25.669052852362714
3,바이러스+치료제,TL4,38.0,0,24.39,25.459786866915604,25.250520881468493,25.669052852362714
295,바이러스+치료제,TH6,38.0,4,21.35,25.459786866915604,25.250520881468493,25.669052852362714
274,바이러스+치료제,TL8,38.0,4,24.19,25.459786866915604,25.250520881468493,25.669052852362714
296,바이러스+치료제,TH7,38.0,4,23.99,25.459786866915604,25.250520881468493,25.669052852362714
23,바이러스+치료제,TL9,38.0,0,27.84,25.459786866915604,25.250520881468493,25.669052852362714
107,바이러스+치료제,TL2,38.1,1,26.0,25.51103596586748,25.298831373140647,25.723240558594316
287,바이러스+치료제,TL6,38.1,4,23.72,25.51103596586748,25.298831373140647,25.723240558594316
233,바이러스+치료제,TH9,38.1,3,22.28,25.51103596586748,25.298831373140647,25.723240558594316
190,바이러스+치료제,TH6,38.1,2,23.69,25.51103596586748,25.298831373140647,25.723240558594316
92,바이러스+치료제,TL9,38.1,1,26.47,25.51103596586748,25.298831373140647,25.723240558594316
93,바이러스+치료제,TL10,38.2,1,27.16,25.562285064819356,25.347072130711183,25.77749799892753
43,바이러스+치료제,TL7,38.2,0,27.83,25.562285064819356,25.347072130711183,25.77749799892753
37,바이러스+치료제,TL1,38.2,0,21.34,25.562285064819356,25.347072130711183,25.77749799892753
156,바이러스+치료제,TL5,38.2,2,23.58,25.562285064819356,25.347072130711183,25.77749799892753
297,바이러스+치료제,TH8,38.3,4,22.15,25.61353416377123,25.39524603728604,25.831822290256422
19,바이러스+치료제,TL5,38.3,0,25.44,25.61353416377123,25.39524603728604,25.831822290256422
122,바이러스+치료제,TH6,38.3,1,24.89,25.61353416377123,25.39524603728604,25.831822290256422
10,바이러스+치료제,TL11,38.3,0,28.63,25.61353416377123,25.39524603728604,25.831822290256422
85,바이러스+치료제,TL2,38.3,1,25.05,25.61353416377123,25.39524603728604,25.831822290256422
113,바이러스+치료제,TL8,38.4,1,25.26,25.66478326272311,25.44335587813562,25.886210647310598
121,바이러스+치료제,TH5,38.4,1,26.86,25.66478326272311,25.44335587813562,25.886210647310598
116,바이러스+치료제,TL11,38.4,1,26.02,25.66478326272311,25.44335587813562,25.886210647310598
179,바이러스+치료제,TL6,38.4,2,24.01,25.66478326272311,25.44335587813562,25.886210647310598
181,바이러스+치료제,TL8,38.5,2,25.96,25.716032361674984,25.491404339269106,25.94066038408086
46,바이러스+치료제,TL10,38.5,0,25.68,25.716032361674984,25.491404339269106,25.94066038408086
298,바이러스+치료제,TH9,38.7,4,24.64,25.818530559578736,25.587327367492108,26.049733751665364
112,바이러스+치료제,TL7,38.8,1,27.02,25.86977965853061,25.63520680884976,26.104352508211463
47,바이러스+치료제,TL11,38.8,0,27.59,25.86977965853061,25.63520680884976,26.104352508211463
88,바이러스+치료제,TL5,38.8,1,24.88,25.86977965853061,25.63520680884976,26.104352508211463
38,바이러스+치료제,TL2,38.9,0,27.22,25.921028757482485,25.683034621194164,26.159022893770807
