,Group,Sample,BW,dpi,BT,pred_y,CI_upper,CI_lower
10,바이러스 접종군,V11,25.96,0,39,25.97227786,26.5744508,25.37010491
116,바이러스 접종군,V1,26.6,1,39,25.97227786,26.5744508,25.37010491
182,바이러스 접종군,V1,26.3,2,39,25.97227786,26.5744508,25.37010491
1,바이러스 접종군,V2,24.66,0,38.7,25.81853056,26.4207035,25.21635762
155,바이러스 접종군,V9,27.75,2,38.7,25.81853056,26.4207035,25.21635762
170,바이러스 접종군,V9,27.75,2,38.7,25.81853056,26.4207035,25.21635762
12,바이러스 접종군,V13,27.32,0,38.6,25.76728146,26.3694544,25.16510852
6,바이러스 접종군,V7,29.26,0,38.5,25.71603236,26.3182053,25.11385942
8,바이러스 접종군,V9,26.97,0,38.5,25.71603236,26.3182053,25.11385942
11,바이러스 접종군,V12,27.32,0,38.4,25.66478326,26.26695621,25.06261032
24,바이러스 접종군,V10,28.34,0,38.4,25.66478326,26.26695621,25.06261032
39,바이러스 접종군,V10,28.34,0,38.4,25.66478326,26.26695621,25.06261032
55,바이러스 접종군,V6,20.7,0,38.4,25.66478326,26.26695621,25.06261032
100,바이러스 접종군,V5,25.46,1,38.4,25.66478326,26.26695621,25.06261032
121,바이러스 접종군,V6,20.7,1,38.4,25.66478326,26.26695621,25.06261032
126,바이러스 접종군,V5,25.9,1,38.4,25.66478326,26.26695621,25.06261032
196,바이러스 접종군,V9,25.8,2,38.4,25.66478326,26.26695621,25.06261032
2,바이러스 접종군,V3,27.18,0,38.3,25.61353416,26.21570711,25.01136122
29,바이러스 접종군,V15,26.68,0,38.3,25.61353416,26.21570711,25.01136122
85,바이러스 접종군,V5,25.46,1,38.3,25.61353416,26.21570711,25.01136122
110,바이러스 접종군,V5,25.9,1,38.3,25.61353416,26.21570711,25.01136122
187,바이러스 접종군,V6,21.2,2,38.3,25.61353416,26.21570711,25.01136122
0,바이러스 접종군,V1,21.64,0,38.2,25.56228506,26.16445801,24.96011212
5,바이러스 접종군,V6,28.61,0,38.2,25.56228506,26.16445801,24.96011212
7,바이러스 접종군,V8,22.53,0,38.2,25.56228506,26.16445801,24.96011212
28,바이러스 접종군,V14,27.17,0,38.2,25.56228506,26.16445801,24.96011212
112,바이러스 접종군,V7,21.7,1,38.2,25.56228506,26.16445801,24.96011212
317,바이러스 접종군,V4,22,4,38.2,25.56228506,26.16445801,24.96011212
318,바이러스 접종군,V5,22,4,38.2,25.56228506,26.16445801,24.96011212
319,바이러스 접종군,V6,22,4,38.2,25.56228506,26.16445801,24.96011212
320,바이러스 접종군,V1,22,4,38.2,25.56228506,26.16445801,24.96011212
321,바이러스 접종군,V2,22,4,38.2,25.56228506,26.16445801,24.96011212
322,바이러스 접종군,V3,22,4,38.2,25.56228506,26.16445801,24.96011212
323,바이러스 접종군,V4,22,4,38.2,25.56228506,26.16445801,24.96011212
324,바이러스 접종군,V5,22,4,38.2,25.56228506,26.16445801,24.96011212
4,바이러스 접종군,V5,26.1,0,38.1,25.51103597,26.11320891,24.90886302
9,바이러스 접종군,V10,25.11,0,38.1,25.51103597,26.11320891,24.90886302
13,바이러스 접종군,V14,26.57,0,38.1,25.51103597,26.11320891,24.90886302
119,바이러스 접종군,V4,22.4,1,38.1,25.51103597,26.11320891,24.90886302
185,바이러스 접종군,V4,22.5,2,38.1,25.51103597,26.11320891,24.90886302
193,바이러스 접종군,V6,23.7,2,38.1,25.51103597,26.11320891,24.90886302
512,바이러스 접종군,V6,22.7,7,38.1,25.51103597,26.11320891,24.90886302
14,바이러스 접종군,V15,28.45,0,38,25.45978687,26.06195981,24.85761392
106,바이러스 접종군,V1,25.6,1,38,25.45978687,26.06195981,24.85761392
108,바이러스 접종군,V3,22,1,38,25.45978687,26.06195981,24.85761392
130,바이러스 접종군,V9,26.2,1,38,25.45978687,26.06195981,24.85761392
198,바이러스 접종군,V1,21.39,3,38,25.45978687,26.06195981,24.85761392
315,바이러스 접종군,V2,22.6,4,38,25.45978687,26.06195981,24.85761392
330,바이러스 접종군,V1,21.73,5,38,25.45978687,26.06195981,24.85761392
26,바이러스 접종군,V12,25.14,0,37.9,25.40853777,26.01071071,24.80636483
50,바이러스 접종군,V1,26.4,0,37.9,25.40853777,26.01071071,24.80636483
123,바이러스 접종군,V2,21.3,1,37.9,25.40853777,26.01071071,24.80636483
156,바이러스 접종군,V10,28.12,2,37.9,25.40853777,26.01071071,24.80636483
171,바이러스 접종군,V10,28.12,2,37.9,25.40853777,26.01071071,24.80636483
176,바이러스 접종군,V5,24.3,2,37.9,25.40853777,26.01071071,24.80636483
89,바이러스 접종군,V9,28.41,1,37.8,25.35728867,25.95946161,24.75511573
94,바이러스 접종군,V14,26.89,1,37.8,25.35728867,25.95946161,24.75511573
95,바이러스 접종군,V15,26.29,1,37.8,25.35728867,25.95946161,24.75511573
104,바이러스 접종군,V9,28.41,1,37.8,25.35728867,25.95946161,24.75511573
125,바이러스 접종군,V4,24.8,1,37.8,25.35728867,25.95946161,24.75511573
127,바이러스 접종군,V6,23.5,1,37.8,25.35728867,25.95946161,24.75511573
158,바이러스 접종군,V12,24.73,2,37.8,25.35728867,25.95946161,24.75511573
160,바이러스 접종군,V14,26.23,2,37.8,25.35728867,25.95946161,24.75511573
161,바이러스 접종군,V15,26.78,2,37.8,25.35728867,25.95946161,24.75511573
316,바이러스 접종군,V3,24.1,4,37.8,25.35728867,25.95946161,24.75511573
334,바이러스 접종군,V5,26,5,37.8,25.35728867,25.95946161,24.75511573
90,바이러스 접종군,V10,28.26,1,37.7,25.30603957,25.90821251,24.70386663
105,바이러스 접종군,V10,28.26,1,37.7,25.30603957,25.90821251,24.70386663
114,바이러스 접종군,V9,20.5,1,37.7,25.30603957,25.90821251,24.70386663
117,바이러스 접종군,V2,22.5,1,37.7,25.30603957,25.90821251,24.70386663
189,바이러스 접종군,V2,21.9,2,37.7,25.30603957,25.90821251,24.70386663
251,바이러스 접종군,V4,22.2,3,37.7,25.30603957,25.90821251,24.70386663
252,바이러스 접종군,V5,22.2,3,37.7,25.30603957,25.90821251,24.70386663
253,바이러스 접종군,V6,22.2,3,37.7,25.30603957,25.90821251,24.70386663
254,바이러스 접종군,V1,22.2,3,37.7,25.30603957,25.90821251,24.70386663
255,바이러스 접종군,V2,22.2,3,37.7,25.30603957,25.90821251,24.70386663
256,바이러스 접종군,V3,22.2,3,37.7,25.30603957,25.90821251,24.70386663
257,바이러스 접종군,V4,22.2,3,37.7,25.30603957,25.90821251,24.70386663
258,바이러스 접종군,V5,22.2,3,37.7,25.30603957,25.90821251,24.70386663
406,바이러스 접종군,V11,26.17,6,37.7,25.30603957,25.90821251,24.70386663
533,바이러스 접종군,V12,27.78,9,37.7,25.30603957,25.90821251,24.70386663
534,바이러스 접종군,V13,27.78,9,37.7,25.30603957,25.90821251,24.70386663
60,바이러스 접종군,V5,25.6,0,37.6,25.25479047,25.85696341,24.65261753
72,바이러스 접종군,V7,29.53,1,37.6,25.25479047,25.85696341,24.65261753
122,바이러스 접종군,V1,22.9,1,37.6,25.25479047,25.85696341,24.65261753
131,바이러스 접종군,V10,23.7,1,37.6,25.25479047,25.85696341,24.65261753
159,바이러스 접종군,V13,28.73,2,37.6,25.25479047,25.85696341,24.65261753
183,바이러스 접종군,V2,22.6,2,37.6,25.25479047,25.85696341,24.65261753
194,바이러스 접종군,V7,23.2,2,37.6,25.25479047,25.85696341,24.65261753
250,바이러스 접종군,V3,24.1,3,37.6,25.25479047,25.85696341,24.65261753
409,바이러스 접종군,V14,25.98,6,37.6,25.25479047,25.85696341,24.65261753
558,바이러스 접종군,V12,28.2,14,37.6,25.25479047,25.85696341,24.65261753
559,바이러스 접종군,V13,28.2,14,37.6,25.25479047,25.85696341,24.65261753
3,바이러스 접종군,V4,26.57,0,37.5,25.20354137,25.80571431,24.60136843
23,바이러스 접종군,V9,29.53,0,37.5,25.20354137,25.80571431,24.60136843
38,바이러스 접종군,V9,29.53,0,37.5,25.20354137,25.80571431,24.60136843
109,바이러스 접종군,V4,29,1,37.5,25.20354137,25.80571431,24.60136843
157,바이러스 접종군,V11,25.18,2,37.5,25.20354137,25.80571431,24.60136843
333,바이러스 접종군,V4,26.33,5,37.5,25.20354137,25.80571431,24.60136843
460,바이러스 접종군,V9,21,6,37.5,25.20354137,25.80571431,24.60136843
557,바이러스 접종군,V11,26,14,37.5,25.20354137,25.80571431,24.60136843
560,바이러스 접종군,V14,27.15,14,37.5,25.20354137,25.80571431,24.60136843
19,바이러스 접종군,V5,26.03,0,37.4,25.15229227,25.75446522,24.55011933
34,바이러스 접종군,V5,26.03,0,37.4,25.15229227,25.75446522,24.55011933
51,바이러스 접종군,V2,23.2,0,37.4,25.15229227,25.75446522,24.55011933
84,바이러스 접종군,V4,23,1,37.4,25.15229227,25.75446522,24.55011933
99,바이러스 접종군,V4,23,1,37.4,25.15229227,25.75446522,24.55011933
107,바이러스 접종군,V2,25.8,1,37.4,25.15229227,25.75446522,24.55011933
141,바이러스 접종군,V10,25.95,2,37.4,25.15229227,25.75446522,24.55011933
336,바이러스 접종군,V7,29.69,5,37.4,25.15229227,25.75446522,24.55011933
461,바이러스 접종군,V10,19.4,6,37.4,25.15229227,25.75446522,24.55011933
462,바이러스 접종군,V1,19.4,7,37.4,25.15229227,25.75446522,24.55011933
463,바이러스 접종군,V2,19.4,7,37.4,25.15229227,25.75446522,24.55011933
464,바이러스 접종군,V3,19.4,7,37.4,25.15229227,25.75446522,24.55011933
465,바이러스 접종군,V4,19.4,7,37.4,25.15229227,25.75446522,24.55011933
466,바이러스 접종군,V5,19.4,7,37.4,25.15229227,25.75446522,24.55011933
471,바이러스 접종군,V10,24.97,7,37.4,25.15229227,25.75446522,24.55011933
54,바이러스 접종군,V5,23.7,0,37.3,25.10104317,25.70321612,24.49887023
92,바이러스 접종군,V12,24,1,37.3,25.10104317,25.70321612,24.49887023
115,바이러스 접종군,V10,25.8,1,37.3,25.10104317,25.70321612,24.49887023
128,바이러스 접종군,V7,23.5,1,37.3,25.10104317,25.70321612,24.49887023
177,바이러스 접종군,V6,25.2,2,37.3,25.10104317,25.70321612,24.49887023
178,바이러스 접종군,V7,20.6,2,37.3,25.10104317,25.70321612,24.49887023
184,바이러스 접종군,V3,24.6,2,37.3,25.10104317,25.70321612,24.49887023
195,바이러스 접종군,V8,23,2,37.3,25.10104317,25.70321612,24.49887023
332,바이러스 접종군,V3,27,5,37.3,25.10104317,25.70321612,24.49887023
407,바이러스 접종군,V12,27.1,6,37.3,25.10104317,25.70321612,24.49887023
410,바이러스 접종군,V15,28.14,6,37.3,25.10104317,25.70321612,24.49887023
411,바이러스 접종군,V1,28.14,6,37.3,25.10104317,25.70321612,24.49887023
412,바이러스 접종군,V2,28.14,6,37.3,25.10104317,25.70321612,24.49887023
413,바이러스 접종군,V3,28.14,6,37.3,25.10104317,25.70321612,24.49887023
414,바이러스 접종군,V4,28.14,6,37.3,25.10104317,25.70321612,24.49887023
415,바이러스 접종군,V5,28.14,6,37.3,25.10104317,25.70321612,24.49887023
416,바이러스 접종군,V6,28.14,6,37.3,25.10104317,25.70321612,24.49887023
417,바이러스 접종군,V7,28.14,6,37.3,25.10104317,25.70321612,24.49887023
418,바이러스 접종군,V8,28.14,6,37.3,25.10104317,25.70321612,24.49887023
419,바이러스 접종군,V9,28.14,6,37.3,25.10104317,25.70321612,24.49887023
420,바이러스 접종군,V10,28.14,6,37.3,25.10104317,25.70321612,24.49887023
473,바이러스 접종군,V12,26,7,37.3,25.10104317,25.70321612,24.49887023
113,바이러스 접종군,V8,24.5,1,37.2,25.04979408,25.65196702,24.44762113
120,바이러스 접종군,V5,23.4,1,37.2,25.04979408,25.65196702,24.44762113
129,바이러스 접종군,V8,22.7,1,37.2,25.04979408,25.65196702,24.44762113
132,바이러스 접종군,V1,21.62,2,37.2,25.04979408,25.65196702,24.44762113
143,바이러스 접종군,V12,27.65,2,37.2,25.04979408,25.65196702,24.44762113
152,바이러스 접종군,V6,24.57,2,37.2,25.04979408,25.65196702,24.44762113
167,바이러스 접종군,V6,24.57,2,37.2,25.04979408,25.65196702,24.44762113
191,바이러스 접종군,V4,24.7,2,37.2,25.04979408,25.65196702,24.44762113
197,바이러스 접종군,V10,23.6,2,37.2,25.04979408,25.65196702,24.44762113
291,바이러스 접종군,V13,21.63,4,37.2,25.04979408,25.65196702,24.44762113
408,바이러스 접종군,V13,26.77,6,37.2,25.04979408,25.65196702,24.44762113
457,바이러스 접종군,V6,21.5,6,37.2,25.04979408,25.65196702,24.44762113
536,바이러스 접종군,V15,28.01,9,37.2,25.04979408,25.65196702,24.44762113
546,바이러스 접종군,V15,28.56,11,37.2,25.04979408,25.65196702,24.44762113
18,바이러스 접종군,V4,24.27,0,37.1,24.99854498,25.60071792,24.39637203
33,바이러스 접종군,V4,24.27,0,37.1,24.99854498,25.60071792,24.39637203
118,바이러스 접종군,V3,24.3,1,37.1,24.99854498,25.60071792,24.39637203
139,바이러스 접종군,V8,23.27,2,37.1,24.99854498,25.60071792,24.39637203
153,바이러스 접종군,V7,25.85,2,37.1,24.99854498,25.60071792,24.39637203
168,바이러스 접종군,V7,25.85,2,37.1,24.99854498,25.60071792,24.39637203
200,바이러스 접종군,V3,27.01,3,37.1,24.99854498,25.60071792,24.39637203
262,바이러스 접종군,V9,26.2,3,37.1,24.99854498,25.60071792,24.39637203
547,바이러스 접종군,V11,25.85,12,37.1,24.99854498,25.60071792,24.39637203
550,바이러스 접종군,V14,26.68,12,37.1,24.99854498,25.60071792,24.39637203
27,바이러스 접종군,V13,25.19,0,37,24.94729588,25.54946882,24.34512294
59,바이러스 접종군,V4,24.3,0,37,24.94729588,25.54946882,24.34512294
69,바이러스 접종군,V4,26.19,1,37,24.94729588,25.54946882,24.34512294
83,바이러스 접종군,V3,24.5,1,37,24.94729588,25.54946882,24.34512294
98,바이러스 접종군,V3,24.5,1,37,24.94729588,25.54946882,24.34512294
144,바이러스 접종군,V13,26.83,2,37,24.94729588,25.54946882,24.34512294
146,바이러스 접종군,V15,28.59,2,37,24.94729588,25.54946882,24.34512294
201,바이러스 접종군,V4,25.99,3,37,24.94729588,25.54946882,24.34512294
203,바이러스 접종군,V6,29.27,3,37,24.94729588,25.54946882,24.34512294
288,바이러스 접종군,V10,24.02,4,37,24.94729588,25.54946882,24.34512294
303,바이러스 접종군,V10,24.02,4,37,24.94729588,25.54946882,24.34512294
304,바이러스 접종군,V1,24.02,4,37,24.94729588,25.54946882,24.34512294
305,바이러스 접종군,V2,24.02,4,37,24.94729588,25.54946882,24.34512294
306,바이러스 접종군,V3,24.02,4,37,24.94729588,25.54946882,24.34512294
307,바이러스 접종군,V4,24.02,4,37,24.94729588,25.54946882,24.34512294
308,바이러스 접종군,V5,24.02,4,37,24.94729588,25.54946882,24.34512294
331,바이러스 접종군,V2,25.32,5,37,24.94729588,25.54946882,24.34512294
339,바이러스 접종군,V10,25.72,5,37,24.94729588,25.54946882,24.34512294
382,바이러스 접종군,V3,22.6,5,37,24.94729588,25.54946882,24.34512294
548,바이러스 접종군,V12,27.85,12,37,24.94729588,25.54946882,24.34512294
549,바이러스 접종군,V13,27.85,12,37,24.94729588,25.54946882,24.34512294
552,바이러스 접종군,V11,26.43,13,37,24.94729588,25.54946882,24.34512294
17,바이러스 접종군,V3,25.54,0,36.9,24.89604678,25.49821972,24.29387384
32,바이러스 접종군,V3,25.54,0,36.9,24.89604678,25.49821972,24.29387384
53,바이러스 접종군,V4,22.5,0,36.9,24.89604678,25.49821972,24.29387384
87,바이러스 접종군,V7,25.67,1,36.9,24.89604678,25.49821972,24.29387384
138,바이러스 접종군,V7,29.24,2,36.9,24.89604678,25.49821972,24.29387384
149,바이러스 접종군,V3,24.61,2,36.9,24.89604678,25.49821972,24.29387384
154,바이러스 접종군,V8,24.34,2,36.9,24.89604678,25.49821972,24.29387384
169,바이러스 접종군,V8,24.34,2,36.9,24.89604678,25.49821972,24.29387384
199,바이러스 접종군,V2,24.69,3,36.9,24.89604678,25.49821972,24.29387384
225,바이러스 접종군,V13,24.71,3,36.9,24.89604678,25.49821972,24.29387384
249,바이러스 접종군,V2,22.8,3,36.9,24.89604678,25.49821972,24.29387384
391,바이러스 접종군,V6,22.5,5,36.9,24.89604678,25.49821972,24.29387384
405,바이러스 접종군,V10,26.36,6,36.9,24.89604678,25.49821972,24.29387384
532,바이러스 접종군,V11,25.58,9,36.9,24.89604678,25.49821972,24.29387384
542,바이러스 접종군,V11,25.53,11,36.9,24.89604678,25.49821972,24.29387384
66,바이러스 접종군,V1,21.29,1,36.8,24.84479768,25.44697062,24.24262474
93,바이러스 접종군,V13,24.57,1,36.8,24.84479768,25.44697062,24.24262474
102,바이러스 접종군,V7,25.67,1,36.8,24.84479768,25.44697062,24.24262474
124,바이러스 접종군,V3,23,1,36.8,24.84479768,25.44697062,24.24262474
142,바이러스 접종군,V11,26.19,2,36.8,24.84479768,25.44697062,24.24262474
164,바이러스 접종군,V3,24.61,2,36.8,24.84479768,25.44697062,24.24262474
179,바이러스 접종군,V8,23.5,2,36.8,24.84479768,25.44697062,24.24262474
186,바이러스 접종군,V5,23.9,2,36.8,24.84479768,25.44697062,24.24262474
192,바이러스 접종군,V5,26.2,2,36.8,24.84479768,25.44697062,24.24262474
202,바이러스 접종군,V5,25.89,3,36.8,24.84479768,25.44697062,24.24262474
221,바이러스 접종군,V9,25.99,3,36.8,24.84479768,25.44697062,24.24262474
223,바이러스 접종군,V11,23.65,3,36.8,24.84479768,25.44697062,24.24262474
224,바이러스 접종군,V12,24,3,36.8,24.84479768,25.44697062,24.24262474
226,바이러스 접종군,V14,25.16,3,36.8,24.84479768,25.44697062,24.24262474
227,바이러스 접종군,V15,24.62,3,36.8,24.84479768,25.44697062,24.24262474
228,바이러스 접종군,V1,24.62,3,36.8,24.84479768,25.44697062,24.24262474
229,바이러스 접종군,V2,24.62,3,36.8,24.84479768,25.44697062,24.24262474
230,바이러스 접종군,V3,24.62,3,36.8,24.84479768,25.44697062,24.24262474
231,바이러스 접종군,V4,24.62,3,36.8,24.84479768,25.44697062,24.24262474
232,바이러스 접종군,V5,24.62,3,36.8,24.84479768,25.44697062,24.24262474
236,바이러스 접종군,V9,25.99,3,36.8,24.84479768,25.44697062,24.24262474
541,바이러스 접종군,V15,28.19,10,36.8,24.84479768,25.44697062,24.24262474
82,바이러스 접종군,V2,23.38,1,36.7,24.79354858,25.39572152,24.19137564
97,바이러스 접종군,V2,23.38,1,36.7,24.79354858,25.39572152,24.19137564
174,바이러스 접종군,V3,20.2,2,36.7,24.79354858,25.39572152,24.19137564
222,바이러스 접종군,V10,26.96,3,36.7,24.79354858,25.39572152,24.19137564
237,바이러스 접종군,V10,26.96,3,36.7,24.79354858,25.39572152,24.19137564
238,바이러스 접종군,V1,26.96,3,36.7,24.79354858,25.39572152,24.19137564
239,바이러스 접종군,V2,26.96,3,36.7,24.79354858,25.39572152,24.19137564
240,바이러스 접종군,V3,26.96,3,36.7,24.79354858,25.39572152,24.19137564
241,바이러스 접종군,V4,26.96,3,36.7,24.79354858,25.39572152,24.19137564
242,바이러스 접종군,V5,26.96,3,36.7,24.79354858,25.39572152,24.19137564
273,바이러스 접종군,V10,25.88,4,36.7,24.79354858,25.39572152,24.19137564
342,바이러스 접종군,V13,27.14,5,36.7,24.79354858,25.39572152,24.19137564
75,바이러스 접종군,V10,24.98,1,36.6,24.74229948,25.34447242,24.14012654
77,바이러스 접종군,V12,27.35,1,36.6,24.74229948,25.34447242,24.14012654
80,바이러스 접종군,V15,28.41,1,36.6,24.74229948,25.34447242,24.14012654
134,바이러스 접종군,V3,26.8,2,36.6,24.74229948,25.34447242,24.14012654
135,바이러스 접종군,V4,26.15,2,36.6,24.74229948,25.34447242,24.14012654
172,바이러스 접종군,V1,23.4,2,36.6,24.74229948,25.34447242,24.14012654
204,바이러스 접종군,V7,29.4,3,36.6,24.74229948,25.34447242,24.14012654
244,바이러스 접종군,V7,18.4,3,36.6,24.74229948,25.34447242,24.14012654
335,바이러스 접종군,V6,29.59,5,36.6,24.74229948,25.34447242,24.14012654
401,바이러스 접종군,V6,29.37,6,36.6,24.74229948,25.34447242,24.14012654
528,바이러스 접종군,V12,26.33,8,36.6,24.74229948,25.34447242,24.14012654
535,바이러스 접종군,V14,26.27,9,36.6,24.74229948,25.34447242,24.14012654
537,바이러스 접종군,V11,25.6,10,36.6,24.74229948,25.34447242,24.14012654
543,바이러스 접종군,V12,27.2,11,36.6,24.74229948,25.34447242,24.14012654
544,바이러스 접종군,V13,27.2,11,36.6,24.74229948,25.34447242,24.14012654
21,바이러스 접종군,V7,26.4,0,36.5,24.69105038,25.29322332,24.08887744
36,바이러스 접종군,V7,26.4,0,36.5,24.69105038,25.29322332,24.08887744
57,바이러스 접종군,V2,22.7,0,36.5,24.69105038,25.29322332,24.08887744
58,바이러스 접종군,V3,22.8,0,36.5,24.69105038,25.29322332,24.08887744
70,바이러스 접종군,V5,25.87,1,36.5,24.69105038,25.29322332,24.08887744
145,바이러스 접종군,V14,26,2,36.5,24.69105038,25.29322332,24.08887744
150,바이러스 접종군,V4,23.63,2,36.5,24.69105038,25.29322332,24.08887744
165,바이러스 접종군,V4,23.63,2,36.5,24.69105038,25.29322332,24.08887744
173,바이러스 접종군,V2,26.3,2,36.5,24.69105038,25.29322332,24.08887744
175,바이러스 접종군,V4,28.3,2,36.5,24.69105038,25.29322332,24.08887744
219,바이러스 접종군,V7,23.61,3,36.5,24.69105038,25.29322332,24.08887744
234,바이러스 접종군,V7,23.61,3,36.5,24.69105038,25.29322332,24.08887744
263,바이러스 접종군,V10,24.2,3,36.5,24.69105038,25.29322332,24.08887744
267,바이러스 접종군,V4,26.4,4,36.5,24.69105038,25.29322332,24.08887744
274,바이러스 접종군,V11,26.03,4,36.5,24.69105038,25.29322332,24.08887744
404,바이러스 접종군,V9,26.54,6,36.5,24.69105038,25.29322332,24.08887744
470,바이러스 접종군,V9,26.77,7,36.5,24.69105038,25.29322332,24.08887744
545,바이러스 접종군,V14,26.6,11,36.5,24.69105038,25.29322332,24.08887744
25,바이러스 접종군,V11,25.6,0,36.4,24.63980128,25.24197423,24.03762834
67,바이러스 접종군,V2,24.73,1,36.4,24.63980128,25.24197423,24.03762834
86,바이러스 접종군,V6,24.67,1,36.4,24.63980128,25.24197423,24.03762834
88,바이러스 접종군,V8,24.6,1,36.4,24.63980128,25.24197423,24.03762834
101,바이러스 접종군,V6,24.67,1,36.4,24.63980128,25.24197423,24.03762834
103,바이러스 접종군,V8,24.6,1,36.4,24.63980128,25.24197423,24.03762834
209,바이러스 접종군,V12,27.39,3,36.4,24.63980128,25.24197423,24.03762834
22,바이러스 접종군,V8,25.14,0,36.3,24.58855218,25.19072513,23.98637924
37,바이러스 접종군,V8,25.14,0,36.3,24.58855218,25.19072513,23.98637924
76,바이러스 접종군,V11,26,1,36.3,24.58855218,25.19072513,23.98637924
79,바이러스 접종군,V14,26.69,1,36.3,24.58855218,25.19072513,23.98637924
133,바이러스 접종군,V2,24.52,2,36.3,24.58855218,25.19072513,23.98637924
137,바이러스 접종군,V6,28.83,2,36.3,24.58855218,25.19072513,23.98637924
205,바이러스 접종군,V8,23.73,3,36.3,24.58855218,25.19072513,23.98637924
243,바이러스 접종군,V6,21.3,3,36.3,24.58855218,25.19072513,23.98637924
266,바이러스 접종군,V3,27.61,4,36.3,24.58855218,25.19072513,23.98637924
475,바이러스 접종군,V14,25.59,7,36.3,24.58855218,25.19072513,23.98637924
20,바이러스 접종군,V6,24.7,0,36.2,24.53730309,25.13947603,23.93513014
35,바이러스 접종군,V6,24.7,0,36.2,24.53730309,25.13947603,23.93513014
52,바이러스 접종군,V3,24.3,0,36.2,24.53730309,25.13947603,23.93513014
63,바이러스 접종군,V8,22.9,0,36.2,24.53730309,25.13947603,23.93513014
73,바이러스 접종군,V8,22.99,1,36.2,24.53730309,25.13947603,23.93513014
74,바이러스 접종군,V9,26.74,1,36.2,24.53730309,25.13947603,23.93513014
81,바이러스 접종군,V1,23.44,1,36.2,24.53730309,25.13947603,23.93513014
91,바이러스 접종군,V11,25.11,1,36.2,24.53730309,25.13947603,23.93513014
96,바이러스 접종군,V1,23.44,1,36.2,24.53730309,25.13947603,23.93513014
151,바이러스 접종군,V5,25.56,2,36.2,24.53730309,25.13947603,23.93513014
166,바이러스 접종군,V5,25.56,2,36.2,24.53730309,25.13947603,23.93513014
188,바이러스 접종군,V1,22.5,2,36.2,24.53730309,25.13947603,23.93513014
190,바이러스 접종군,V3,22.9,2,36.2,24.53730309,25.13947603,23.93513014
206,바이러스 접종군,V9,27.12,3,36.2,24.53730309,25.13947603,23.93513014
211,바이러스 접종군,V14,27.19,3,36.2,24.53730309,25.13947603,23.93513014
259,바이러스 접종군,V6,23.9,3,36.2,24.53730309,25.13947603,23.93513014
268,바이러스 접종군,V5,26.22,4,36.2,24.53730309,25.13947603,23.93513014
284,바이러스 접종군,V6,20.85,4,36.2,24.53730309,25.13947603,23.93513014
299,바이러스 접종군,V6,20.85,4,36.2,24.53730309,25.13947603,23.93513014
337,바이러스 접종군,V8,23.66,5,36.2,24.53730309,25.13947603,23.93513014
338,바이러스 접종군,V9,26.71,5,36.2,24.53730309,25.13947603,23.93513014
403,바이러스 접종군,V8,23.42,6,36.2,24.53730309,25.13947603,23.93513014
476,바이러스 접종군,V15,27.5,7,36.2,24.53730309,25.13947603,23.93513014
477,바이러스 접종군,V1,27.5,7,36.2,24.53730309,25.13947603,23.93513014
478,바이러스 접종군,V2,27.5,7,36.2,24.53730309,25.13947603,23.93513014
479,바이러스 접종군,V3,27.5,7,36.2,24.53730309,25.13947603,23.93513014
480,바이러스 접종군,V4,27.5,7,36.2,24.53730309,25.13947603,23.93513014
481,바이러스 접종군,V5,27.5,7,36.2,24.53730309,25.13947603,23.93513014
482,바이러스 접종군,V6,27.5,7,36.2,24.53730309,25.13947603,23.93513014
483,바이러스 접종군,V7,27.5,7,36.2,24.53730309,25.13947603,23.93513014
484,바이러스 접종군,V8,27.5,7,36.2,24.53730309,25.13947603,23.93513014
485,바이러스 접종군,V9,27.5,7,36.2,24.53730309,25.13947603,23.93513014
486,바이러스 접종군,V10,27.5,7,36.2,24.53730309,25.13947603,23.93513014
78,바이러스 접종군,V13,27.1,1,36.1,24.48605399,25.08822693,23.88388104
136,바이러스 접종군,V5,25.97,2,36.1,24.48605399,25.08822693,23.88388104
218,바이러스 접종군,V6,23.54,3,36.1,24.48605399,25.08822693,23.88388104
233,바이러스 접종군,V6,23.54,3,36.1,24.48605399,25.08822693,23.88388104
260,바이러스 접종군,V7,23.3,3,36.1,24.48605399,25.08822693,23.88388104
264,바이러스 접종군,V1,21.53,4,36.1,24.48605399,25.08822693,23.88388104
325,바이러스 접종군,V6,23.4,4,36.1,24.48605399,25.08822693,23.88388104
513,바이러스 접종군,V7,19.2,7,36.1,24.48605399,25.08822693,23.88388104
530,바이러스 접종군,V14,25.13,8,36.1,24.48605399,25.08822693,23.88388104
540,바이러스 접종군,V14,26.46,10,36.1,24.48605399,25.08822693,23.88388104
56,바이러스 접종군,V1,22.8,0,36,24.43480489,25.03697783,23.83263195
68,바이러스 접종군,V3,27.76,1,36,24.43480489,25.03697783,23.83263195
71,바이러스 접종군,V6,29,1,36,24.43480489,25.03697783,23.83263195
111,바이러스 접종군,V6,26.3,1,36,24.43480489,25.03697783,23.83263195
208,바이러스 접종군,V11,25.89,3,36,24.43480489,25.03697783,23.83263195
261,바이러스 접종군,V8,22.8,3,36,24.43480489,25.03697783,23.83263195
277,바이러스 접종군,V14,27.26,4,36,24.43480489,25.03697783,23.83263195
278,바이러스 접종군,V15,29,4,36,24.43480489,25.03697783,23.83263195
279,바이러스 접종군,V1,29,4,36,24.43480489,25.03697783,23.83263195
280,바이러스 접종군,V2,29,4,36,24.43480489,25.03697783,23.83263195
281,바이러스 접종군,V3,29,4,36,24.43480489,25.03697783,23.83263195
282,바이러스 접종군,V4,29,4,36,24.43480489,25.03697783,23.83263195
283,바이러스 접종군,V5,29,4,36,24.43480489,25.03697783,23.83263195
340,바이러스 접종군,V11,26.13,5,36,24.43480489,25.03697783,23.83263195
469,바이러스 접종군,V8,23.76,7,36,24.43480489,25.03697783,23.83263195
531,바이러스 접종군,V15,26.57,8,36,24.43480489,25.03697783,23.83263195
538,바이러스 접종군,V12,27.04,10,36,24.43480489,25.03697783,23.83263195
539,바이러스 접종군,V13,27.04,10,36,24.43480489,25.03697783,23.83263195
553,바이러스 접종군,V12,28.01,13,36,24.43480489,25.03697783,23.83263195
554,바이러스 접종군,V13,28.01,13,36,24.43480489,25.03697783,23.83263195
555,바이러스 접종군,V14,26.99,13,36,24.43480489,25.03697783,23.83263195
207,바이러스 접종군,V10,25.57,3,35.9,24.38355579,24.98572873,23.78138285
245,바이러스 접종군,V8,20.4,3,35.9,24.38355579,24.98572873,23.78138285
276,바이러스 접종군,V13,27.27,4,35.9,24.38355579,24.98572873,23.78138285
402,바이러스 접종군,V7,26.8,6,35.9,24.38355579,24.98572873,23.78138285
514,바이러스 접종군,V8,20,7,35.9,24.38355579,24.98572873,23.78138285
48,바이러스 접종군,V9,21.3,0,35.8,24.33230669,24.93447963,23.73013375
269,바이러스 접종군,V6,30.12,4,35.8,24.33230669,24.93447963,23.73013375
369,바이러스 접종군,V10,23.02,5,35.8,24.33230669,24.93447963,23.73013375
370,바이러스 접종군,V1,23.02,5,35.8,24.33230669,24.93447963,23.73013375
371,바이러스 접종군,V2,23.02,5,35.8,24.33230669,24.93447963,23.73013375
372,바이러스 접종군,V3,23.02,5,35.8,24.33230669,24.93447963,23.73013375
373,바이러스 접종군,V4,23.02,5,35.8,24.33230669,24.93447963,23.73013375
374,바이러스 접종군,V5,23.02,5,35.8,24.33230669,24.93447963,23.73013375
527,바이러스 접종군,V11,24.27,8,35.8,24.33230669,24.93447963,23.73013375
272,바이러스 접종군,V9,27.1,4,35.7,24.28105759,24.88323053,23.67888465
341,바이러스 접종군,V12,27.33,5,35.7,24.28105759,24.88323053,23.67888465
343,바이러스 접종군,V14,27.02,5,35.7,24.28105759,24.88323053,23.67888465
354,바이러스 접종군,V10,23.01,5,35.7,24.28105759,24.88323053,23.67888465
383,바이러스 접종군,V4,20.4,5,35.7,24.28105759,24.88323053,23.67888465
384,바이러스 접종군,V5,20.4,5,35.7,24.28105759,24.88323053,23.67888465
385,바이러스 접종군,V6,20.4,5,35.7,24.28105759,24.88323053,23.67888465
386,바이러스 접종군,V1,20.4,5,35.7,24.28105759,24.88323053,23.67888465
387,바이러스 접종군,V2,20.4,5,35.7,24.28105759,24.88323053,23.67888465
388,바이러스 접종군,V3,20.4,5,35.7,24.28105759,24.88323053,23.67888465
389,바이러스 접종군,V4,20.4,5,35.7,24.28105759,24.88323053,23.67888465
390,바이러스 접종군,V5,20.4,5,35.7,24.28105759,24.88323053,23.67888465
472,바이러스 접종군,V11,24.93,7,35.7,24.28105759,24.88323053,23.67888465
64,바이러스 접종군,V9,26.4,0,35.6,24.22980849,24.83198143,23.62763555
270,바이러스 접종군,V7,29.63,4,35.6,24.22980849,24.83198143,23.62763555
289,바이러스 접종군,V11,21.01,4,35.6,24.22980849,24.83198143,23.62763555
140,바이러스 접종군,V9,26.23,2,35.5,24.17855939,24.78073234,23.57638645
210,바이러스 접종군,V13,27.19,3,35.5,24.17855939,24.78073234,23.57638645
212,바이러스 접종군,V15,28.99,3,35.5,24.17855939,24.78073234,23.57638645
213,바이러스 접종군,V1,28.99,3,35.5,24.17855939,24.78073234,23.57638645
214,바이러스 접종군,V2,28.99,3,35.5,24.17855939,24.78073234,23.57638645
215,바이러스 접종군,V3,28.99,3,35.5,24.17855939,24.78073234,23.57638645
216,바이러스 접종군,V4,28.99,3,35.5,24.17855939,24.78073234,23.57638645
217,바이러스 접종군,V5,28.99,3,35.5,24.17855939,24.78073234,23.57638645
220,바이러스 접종군,V8,23.02,3,35.5,24.17855939,24.78073234,23.57638645
235,바이러스 접종군,V8,23.02,3,35.5,24.17855939,24.78073234,23.57638645
271,바이러스 접종군,V8,23.56,4,35.5,24.17855939,24.78073234,23.57638645
275,바이러스 접종군,V12,27.8,4,35.5,24.17855939,24.78073234,23.57638645
327,바이러스 접종군,V8,22.8,4,35.5,24.17855939,24.78073234,23.57638645
356,바이러스 접종군,V12,20.36,5,35.5,24.17855939,24.78073234,23.57638645
395,바이러스 접종군,V10,21.3,5,35.5,24.17855939,24.78073234,23.57638645
396,바이러스 접종군,V1,21.3,6,35.5,24.17855939,24.78073234,23.57638645
397,바이러스 접종군,V2,21.3,6,35.5,24.17855939,24.78073234,23.57638645
398,바이러스 접종군,V3,21.3,6,35.5,24.17855939,24.78073234,23.57638645
399,바이러스 접종군,V4,21.3,6,35.5,24.17855939,24.78073234,23.57638645
400,바이러스 접종군,V5,21.3,6,35.5,24.17855939,24.78073234,23.57638645
49,바이러스 접종군,V10,24.8,0,35.4,24.12731029,24.72948324,23.52513735
328,바이러스 접종군,V9,26.2,4,35.4,24.12731029,24.72948324,23.52513735
358,바이러스 접종군,V14,21.88,5,35.4,24.12731029,24.72948324,23.52513735
467,바이러스 접종군,V6,29.41,7,35.4,24.12731029,24.72948324,23.52513735
147,바이러스 접종군,V1,23.39,2,35.3,24.0760612,24.67823414,23.47388825
162,바이러스 접종군,V1,23.39,2,35.3,24.0760612,24.67823414,23.47388825
326,바이러스 접종군,V7,22.1,4,35.3,24.0760612,24.67823414,23.47388825
329,바이러스 접종군,V10,24.2,4,35.3,24.0760612,24.67823414,23.47388825
344,바이러스 접종군,V15,28.75,5,35.3,24.0760612,24.67823414,23.47388825
345,바이러스 접종군,V1,28.75,5,35.3,24.0760612,24.67823414,23.47388825
346,바이러스 접종군,V2,28.75,5,35.3,24.0760612,24.67823414,23.47388825
347,바이러스 접종군,V3,28.75,5,35.3,24.0760612,24.67823414,23.47388825
348,바이러스 접종군,V4,28.75,5,35.3,24.0760612,24.67823414,23.47388825
349,바이러스 접종군,V5,28.75,5,35.3,24.0760612,24.67823414,23.47388825
551,바이러스 접종군,V15,28.14,12,35.3,24.0760612,24.67823414,23.47388825
16,바이러스 접종군,V2,24.18,0,35.2,24.0248121,24.62698504,23.42263915
31,바이러스 접종군,V2,24.18,0,35.2,24.0248121,24.62698504,23.42263915
148,바이러스 접종군,V2,24,2,35.2,24.0248121,24.62698504,23.42263915
163,바이러스 접종군,V2,24,2,35.2,24.0248121,24.62698504,23.42263915
180,바이러스 접종군,V9,19.4,2,35.2,24.0248121,24.62698504,23.42263915
265,바이러스 접종군,V2,24.74,4,35.2,24.0248121,24.62698504,23.42263915
287,바이러스 접종군,V9,24,4,35.2,24.0248121,24.62698504,23.42263915
302,바이러스 접종군,V9,24,4,35.2,24.0248121,24.62698504,23.42263915
459,바이러스 접종군,V8,20.3,6,35.2,24.0248121,24.62698504,23.42263915
15,바이러스 접종군,V1,24.29,0,35.1,23.973563,24.57573594,23.37139005
30,바이러스 접종군,V1,24.29,0,35.1,23.973563,24.57573594,23.37139005
47,바이러스 접종군,V8,24.4,0,35.1,23.973563,24.57573594,23.37139005
181,바이러스 접종군,V10,23.4,2,35.1,23.973563,24.57573594,23.37139005
46,바이러스 접종군,V7,21.9,0,35,23.9223139,24.52448684,23.32014096
353,바이러스 접종군,V9,22.1,5,35,23.9223139,24.52448684,23.32014096
368,바이러스 접종군,V9,22.1,5,35,23.9223139,24.52448684,23.32014096
41,바이러스 접종군,V2,26,0,34.9,23.8710648,24.47323774,23.26889186
285,바이러스 접종군,V7,21.33,4,34.9,23.8710648,24.47323774,23.26889186
290,바이러스 접종군,V12,21.58,4,34.9,23.8710648,24.47323774,23.26889186
300,바이러스 접종군,V7,21.33,4,34.9,23.8710648,24.47323774,23.26889186
392,바이러스 접종군,V7,20.3,5,34.9,23.8710648,24.47323774,23.26889186
247,바이러스 접종군,V10,20.5,3,34.8,23.8198157,24.42198864,23.21764276
248,바이러스 접종군,V1,20.5,3,34.8,23.8198157,24.42198864,23.21764276
393,바이러스 접종군,V8,21.3,5,34.8,23.8198157,24.42198864,23.21764276
515,바이러스 접종군,V9,19.6,7,34.8,23.8198157,24.42198864,23.21764276
292,바이러스 접종군,V14,23.01,4,34.7,23.7685666,24.37073954,23.16639366
394,바이러스 접종군,V9,22.7,5,34.7,23.7685666,24.37073954,23.16639366
561,바이러스 접종군,V15,28.2,14,34.7,23.7685666,24.37073954,23.16639366
40,바이러스 접종군,V1,24.9,0,34.6,23.7173175,24.31949044,23.11514456
43,바이러스 접종군,V4,29.2,0,34.6,23.7173175,24.31949044,23.11514456
61,바이러스 접종군,V6,23.2,0,34.5,23.6660684,24.26824135,23.06389546
62,바이러스 접종군,V7,22.7,0,34.5,23.6660684,24.26824135,23.06389546
65,바이러스 접종군,V10,22.8,0,34.5,23.6660684,24.26824135,23.06389546
293,바이러스 접종군,V15,22.77,4,34.5,23.6660684,24.26824135,23.06389546
294,바이러스 접종군,V1,22.77,4,34.5,23.6660684,24.26824135,23.06389546
295,바이러스 접종군,V2,22.77,4,34.5,23.6660684,24.26824135,23.06389546
296,바이러스 접종군,V3,22.77,4,34.5,23.6660684,24.26824135,23.06389546
297,바이러스 접종군,V4,22.77,4,34.5,23.6660684,24.26824135,23.06389546
298,바이러스 접종군,V5,22.77,4,34.5,23.6660684,24.26824135,23.06389546
310,바이러스 접종군,V7,16.3,4,34.3,23.56357021,24.16574315,22.96139726
458,바이러스 접종군,V7,19,6,34.3,23.56357021,24.16574315,22.96139726
42,바이러스 접종군,V3,22.3,0,34,23.40982291,24.01199585,22.80764997
556,바이러스 접종군,V15,28.1,13,34,23.40982291,24.01199585,22.80764997
44,바이러스 접종군,V5,25.3,0,33.9,23.35857381,23.96074675,22.75640087
359,바이러스 접종군,V15,21.58,5,33.8,23.30732471,23.90949765,22.70515177
360,바이러스 접종군,V1,21.58,5,33.8,23.30732471,23.90949765,22.70515177
361,바이러스 접종군,V2,21.58,5,33.8,23.30732471,23.90949765,22.70515177
362,바이러스 접종군,V3,21.58,5,33.8,23.30732471,23.90949765,22.70515177
363,바이러스 접종군,V4,21.58,5,33.8,23.30732471,23.90949765,22.70515177
364,바이러스 접종군,V5,21.58,5,33.8,23.30732471,23.90949765,22.70515177
381,바이러스 접종군,V2,20.9,5,33.7,23.25607561,23.85824855,22.65390267
357,바이러스 접종군,V13,20.73,5,33.6,23.20482651,23.80699946,22.60265357
246,바이러스 접종군,V9,17.2,3,33.5,23.15357741,23.75575036,22.55140447
286,바이러스 접종군,V8,21.38,4,33.4,23.10232832,23.70450126,22.50015537
301,바이러스 접종군,V8,21.39,4,33.4,23.10232832,23.70450126,22.50015537
45,바이러스 접종군,V6,25.5,0,33.3,23.05107922,23.65325216,22.44890627
474,바이러스 접종군,V13,24.46,7,33.2,22.99983012,23.60200306,22.39765717
352,바이러스 접종군,V8,22.32,5,33,22.89733192,23.49950486,22.29515898
367,바이러스 접종군,V8,22.32,5,33,22.89733192,23.49950486,22.29515898
309,바이러스 접종군,V6,20,4,32.7,22.74358462,23.34575756,22.14141168
423,바이러스 접종군,V13,20.21,6,32.7,22.74358462,23.34575756,22.14141168
350,바이러스 접종군,V6,19.4,5,32.3,22.53858823,23.14076117,21.93641528
351,바이러스 접종군,V7,20.26,5,32.3,22.53858823,23.14076117,21.93641528
365,바이러스 접종군,V6,19.4,5,32.3,22.53858823,23.14076117,21.93641528
366,바이러스 접종군,V7,20.26,5,32.3,22.53858823,23.14076117,21.93641528
311,바이러스 접종군,V8,18.9,4,31.9,22.33359183,22.93576477,21.73141889
516,바이러스 접종군,V10,18,7,31.9,22.33359183,22.93576477,21.73141889
517,바이러스 접종군,V1,18,8,31.9,22.33359183,22.93576477,21.73141889
518,바이러스 접종군,V2,18,8,31.9,22.33359183,22.93576477,21.73141889
519,바이러스 접종군,V3,18,8,31.9,22.33359183,22.93576477,21.73141889
520,바이러스 접종군,V4,18,8,31.9,22.33359183,22.93576477,21.73141889
521,바이러스 접종군,V5,18,8,31.9,22.33359183,22.93576477,21.73141889
522,바이러스 접종군,V6,18,8,31.9,22.33359183,22.93576477,21.73141889
523,바이러스 접종군,V7,18,8,31.9,22.33359183,22.93576477,21.73141889
524,바이러스 접종군,V8,18,8,31.9,22.33359183,22.93576477,21.73141889
525,바이러스 접종군,V9,18,8,31.9,22.33359183,22.93576477,21.73141889
526,바이러스 접종군,V10,18,8,31.9,22.33359183,22.93576477,21.73141889
422,바이러스 접종군,V12,18.06,6,31.8,22.28234273,22.88451567,21.68016979
468,바이러스 접종군,V7,25.45,7,31.3,22.02609724,22.62827018,21.42392429
355,바이러스 접종군,V11,20.16,5,30.2,21.46235715,22.06453009,20.86018421
449,바이러스 접종군,V4,19.7,6,28.6,20.64237157,21.24454451,20.04019862
450,바이러스 접종군,V5,19.7,6,28.6,20.64237157,21.24454451,20.04019862
451,바이러스 접종군,V6,19.7,6,28.6,20.64237157,21.24454451,20.04019862
452,바이러스 접종군,V1,19.7,6,28.6,20.64237157,21.24454451,20.04019862
453,바이러스 접종군,V2,19.7,6,28.6,20.64237157,21.24454451,20.04019862
454,바이러스 접종군,V3,19.7,6,28.6,20.64237157,21.24454451,20.04019862
455,바이러스 접종군,V4,19.7,6,28.6,20.64237157,21.24454451,20.04019862
456,바이러스 접종군,V5,19.7,6,28.6,20.64237157,21.24454451,20.04019862
425,바이러스 접종군,V15,20.28,6,28.4,20.53987337,21.14204631,19.93770043
426,바이러스 접종군,V1,20.28,6,28.4,20.53987337,21.14204631,19.93770043
427,바이러스 접종군,V2,20.28,6,28.4,20.53987337,21.14204631,19.93770043
428,바이러스 접종군,V3,20.28,6,28.4,20.53987337,21.14204631,19.93770043
429,바이러스 접종군,V4,20.28,6,28.4,20.53987337,21.14204631,19.93770043
430,바이러스 접종군,V5,20.28,6,28.4,20.53987337,21.14204631,19.93770043
431,바이러스 접종군,V6,20.28,6,28.4,20.53987337,21.14204631,19.93770043
432,바이러스 접종군,V7,20.28,6,28.4,20.53987337,21.14204631,19.93770043
433,바이러스 접종군,V8,20.28,6,28.4,20.53987337,21.14204631,19.93770043
434,바이러스 접종군,V9,20.28,6,28.4,20.53987337,21.14204631,19.93770043
435,바이러스 접종군,V10,20.28,6,28.4,20.53987337,21.14204631,19.93770043
436,바이러스 접종군,V1,20.28,6,28.4,20.53987337,21.14204631,19.93770043
437,바이러스 접종군,V2,20.28,6,28.4,20.53987337,21.14204631,19.93770043
438,바이러스 접종군,V3,20.28,6,28.4,20.53987337,21.14204631,19.93770043
439,바이러스 접종군,V4,20.28,6,28.4,20.53987337,21.14204631,19.93770043
440,바이러스 접종군,V5,20.28,6,28.4,20.53987337,21.14204631,19.93770043
441,바이러스 접종군,V6,20.28,6,28.4,20.53987337,21.14204631,19.93770043
442,바이러스 접종군,V7,20.28,6,28.4,20.53987337,21.14204631,19.93770043
529,바이러스 접종군,V13,23.68,8,28.4,20.53987337,21.14204631,19.93770043
376,바이러스 접종군,V7,15,5,27.6,20.12988058,20.73205352,19.52770763
488,바이러스 접종군,V12,18.18,7,26.9,19.77113688,20.37330983,19.16896394
447,바이러스 접종군,V2,19.7,6,26.8,19.71988778,20.32206073,19.11771484
448,바이러스 접종군,V3,21.4,6,26.8,19.71988778,20.32206073,19.11771484
313,바이러스 접종군,V10,18.8,4,26.6,19.61738959,20.21956253,19.01521664
314,바이러스 접종군,V1,18.8,4,26.6,19.61738959,20.21956253,19.01521664
421,바이러스 접종군,V11,19.03,6,26.2,19.41239319,20.01456613,18.81022025
312,바이러스 접종군,V9,15.5,4,25.7,19.1561477,19.75832064,18.55397475
490,바이러스 접종군,V14,19.56,7,25.4,19.0024004,19.60457334,18.40022746
491,바이러스 접종군,V15,19.97,7,25.4,19.0024004,19.60457334,18.40022746
492,바이러스 접종군,V1,19.97,7,25.4,19.0024004,19.60457334,18.40022746
493,바이러스 접종군,V2,19.97,7,25.4,19.0024004,19.60457334,18.40022746
494,바이러스 접종군,V3,19.97,7,25.4,19.0024004,19.60457334,18.40022746
495,바이러스 접종군,V4,19.97,7,25.4,19.0024004,19.60457334,18.40022746
496,바이러스 접종군,V5,19.97,7,25.4,19.0024004,19.60457334,18.40022746
497,바이러스 접종군,V6,19.97,7,25.4,19.0024004,19.60457334,18.40022746
498,바이러스 접종군,V7,19.97,7,25.4,19.0024004,19.60457334,18.40022746
499,바이러스 접종군,V8,19.97,7,25.4,19.0024004,19.60457334,18.40022746
500,바이러스 접종군,V9,19.97,7,25.4,19.0024004,19.60457334,18.40022746
501,바이러스 접종군,V10,19.97,7,25.4,19.0024004,19.60457334,18.40022746
502,바이러스 접종군,V1,19.97,7,25.4,19.0024004,19.60457334,18.40022746
503,바이러스 접종군,V2,19.97,7,25.4,19.0024004,19.60457334,18.40022746
504,바이러스 접종군,V3,19.97,7,25.4,19.0024004,19.60457334,18.40022746
505,바이러스 접종군,V4,19.97,7,25.4,19.0024004,19.60457334,18.40022746
506,바이러스 접종군,V5,19.97,7,25.4,19.0024004,19.60457334,18.40022746
507,바이러스 접종군,V6,19.97,7,25.4,19.0024004,19.60457334,18.40022746
508,바이러스 접종군,V7,19.97,7,25.4,19.0024004,19.60457334,18.40022746
509,바이러스 접종군,V8,19.97,7,25.4,19.0024004,19.60457334,18.40022746
510,바이러스 접종군,V9,19.97,7,25.4,19.0024004,19.60457334,18.40022746
511,바이러스 접종군,V10,19.97,7,25.4,19.0024004,19.60457334,18.40022746
377,바이러스 접종군,V8,18.4,5,23.4,17.97741842,18.57959136,17.37524548
489,바이러스 접종군,V13,19.13,7,23,17.77242202,18.37459497,17.17024908
379,바이러스 접종군,V10,18.3,5,22.8,17.66992383,18.27209677,17.06775088
380,바이러스 접종군,V1,18.3,5,22.8,17.66992383,18.27209677,17.06775088
487,바이러스 접종군,V11,18.78,7,22.6,17.56742563,18.16959857,16.96525269
424,바이러스 접종군,V14,19.33,6,22.4,17.46492743,18.06710037,16.86275449
375,바이러스 접종군,V6,19.4,5,20.5,16.49119455,17.09336749,15.88902161
443,바이러스 접종군,V8,18.2,6,20.3,16.38869635,16.99086929,15.78652341
444,바이러스 접종군,V9,18.2,6,20.3,16.38869635,16.99086929,15.78652341
445,바이러스 접종군,V10,18.2,6,20.3,16.38869635,16.99086929,15.78652341
446,바이러스 접종군,V1,18.2,6,20.3,16.38869635,16.99086929,15.78652341
378,바이러스 접종군,V9,15.3,5,19.7,16.08120176,16.6833747,15.47902882
