,Group,Sample,BW,dpi,BT,pred_y,CI_lower,CI_upper
378,바이러스 접종군,V9,15.3,5,19.7,16.081201758722326,15.412848625769467,16.749554891675185
443,바이러스 접종군,V8,18.2,6,20.3,16.388696352433584,15.744928700309458,17.03246400455771
444,바이러스 접종군,V9,18.2,6,20.3,16.388696352433584,15.744928700309458,17.03246400455771
445,바이러스 접종군,V10,18.2,6,20.3,16.388696352433584,15.744928700309458,17.03246400455771
446,바이러스 접종군,V1,18.2,6,20.3,16.388696352433584,15.744928700309458,17.03246400455771
375,바이러스 접종군,V6,19.4,5,20.5,16.491194550337333,15.855609029123235,17.126780071551433
424,바이러스 접종군,V14,19.33,6,22.4,17.464927430422975,16.906683021252277,18.023171839593672
487,바이러스 접종군,V11,18.78,7,22.6,17.567425628326724,17.01727445689369,18.117576799759757
380,바이러스 접종군,V1,18.3,5,22.8,17.66992382623048,17.127855191292543,18.211992461168418
379,바이러스 접종군,V10,18.3,5,22.8,17.66992382623048,17.127855191292543,18.211992461168418
489,바이러스 접종군,V13,19.13,7,23.0,17.77242202413423,17.238424738529364,18.306419309739095
377,바이러스 접종군,V8,18.4,5,23.4,17.97741841994173,17.45952818000689,18.49530865987657
497,바이러스 접종군,V6,19.97,7,25.4,19.002400398979248,18.564162508919072,19.440638289039423
506,바이러스 접종군,V5,19.97,7,25.4,19.002400398979248,18.564162508919072,19.440638289039423
505,바이러스 접종군,V4,19.97,7,25.4,19.002400398979248,18.564162508919072,19.440638289039423
504,바이러스 접종군,V3,19.97,7,25.4,19.002400398979248,18.564162508919072,19.440638289039423
503,바이러스 접종군,V2,19.97,7,25.4,19.002400398979248,18.564162508919072,19.440638289039423
502,바이러스 접종군,V1,19.97,7,25.4,19.002400398979248,18.564162508919072,19.440638289039423
501,바이러스 접종군,V10,19.97,7,25.4,19.002400398979248,18.564162508919072,19.440638289039423
500,바이러스 접종군,V9,19.97,7,25.4,19.002400398979248,18.564162508919072,19.440638289039423
490,바이러스 접종군,V14,19.56,7,25.4,19.002400398979248,18.564162508919072,19.440638289039423
491,바이러스 접종군,V15,19.97,7,25.4,19.002400398979248,18.564162508919072,19.440638289039423
492,바이러스 접종군,V1,19.97,7,25.4,19.002400398979248,18.564162508919072,19.440638289039423
493,바이러스 접종군,V2,19.97,7,25.4,19.002400398979248,18.564162508919072,19.440638289039423
494,바이러스 접종군,V3,19.97,7,25.4,19.002400398979248,18.564162508919072,19.440638289039423
495,바이러스 접종군,V4,19.97,7,25.4,19.002400398979248,18.564162508919072,19.440638289039423
499,바이러스 접종군,V8,19.97,7,25.4,19.002400398979248,18.564162508919072,19.440638289039423
507,바이러스 접종군,V6,19.97,7,25.4,19.002400398979248,18.564162508919072,19.440638289039423
498,바이러스 접종군,V7,19.97,7,25.4,19.002400398979248,18.564162508919072,19.440638289039423
496,바이러스 접종군,V5,19.97,7,25.4,19.002400398979248,18.564162508919072,19.440638289039423
509,바이러스 접종군,V8,19.97,7,25.4,19.002400398979248,18.564162508919072,19.440638289039423
510,바이러스 접종군,V9,19.97,7,25.4,19.002400398979248,18.564162508919072,19.440638289039423
511,바이러스 접종군,V10,19.97,7,25.4,19.002400398979248,18.564162508919072,19.440638289039423
508,바이러스 접종군,V7,19.97,7,25.4,19.002400398979248,18.564162508919072,19.440638289039423
312,바이러스 접종군,V9,15.5,4,25.7,19.156147695834875,18.729698734107735,19.582596657562014
421,바이러스 접종군,V11,19.03,6,26.2,19.412393190594255,19.005475290735486,19.819311090453024
313,바이러스 접종군,V10,18.8,4,26.6,19.61738958640176,19.225978476864398,20.008800695939122
314,바이러스 접종군,V1,18.8,4,26.6,19.61738958640176,19.225978476864398,20.008800695939122
448,바이러스 접종군,V3,21.4,6,26.8,19.719887784305513,19.33618633769046,20.103589230920566
447,바이러스 접종군,V2,19.7,6,26.8,19.719887784305513,19.33618633769046,20.103589230920566
488,바이러스 접종군,V12,18.18,7,26.9,19.771136883257384,19.39127855729503,20.150995209219737
376,바이러스 접종군,V7,15.0,5,27.6,20.129880575920517,19.7766817665358,20.483079385305235
439,바이러스 접종군,V4,20.28,6,28.4,20.539873367535524,20.216525818146668,20.86322091692438
440,바이러스 접종군,V5,20.28,6,28.4,20.539873367535524,20.216525818146668,20.86322091692438
441,바이러스 접종군,V6,20.28,6,28.4,20.539873367535524,20.216525818146668,20.86322091692438
434,바이러스 접종군,V9,20.28,6,28.4,20.539873367535524,20.216525818146668,20.86322091692438
431,바이러스 접종군,V6,20.28,6,28.4,20.539873367535524,20.216525818146668,20.86322091692438
433,바이러스 접종군,V8,20.28,6,28.4,20.539873367535524,20.216525818146668,20.86322091692438
436,바이러스 접종군,V1,20.28,6,28.4,20.539873367535524,20.216525818146668,20.86322091692438
529,바이러스 접종군,V13,23.68,8,28.4,20.539873367535524,20.216525818146668,20.86322091692438
435,바이러스 접종군,V10,20.28,6,28.4,20.539873367535524,20.216525818146668,20.86322091692438
442,바이러스 접종군,V7,20.28,6,28.4,20.539873367535524,20.216525818146668,20.86322091692438
432,바이러스 접종군,V7,20.28,6,28.4,20.539873367535524,20.216525818146668,20.86322091692438
437,바이러스 접종군,V2,20.28,6,28.4,20.539873367535524,20.216525818146668,20.86322091692438
430,바이러스 접종군,V5,20.28,6,28.4,20.539873367535524,20.216525818146668,20.86322091692438
429,바이러스 접종군,V4,20.28,6,28.4,20.539873367535524,20.216525818146668,20.86322091692438
428,바이러스 접종군,V3,20.28,6,28.4,20.539873367535524,20.216525818146668,20.86322091692438
438,바이러스 접종군,V3,20.28,6,28.4,20.539873367535524,20.216525818146668,20.86322091692438
427,바이러스 접종군,V2,20.28,6,28.4,20.539873367535524,20.216525818146668,20.86322091692438
426,바이러스 접종군,V1,20.28,6,28.4,20.539873367535524,20.216525818146668,20.86322091692438
425,바이러스 접종군,V15,20.28,6,28.4,20.539873367535524,20.216525818146668,20.86322091692438
452,바이러스 접종군,V1,19.7,6,28.6,20.642371565439277,20.326363331969187,20.958379798909366
454,바이러스 접종군,V3,19.7,6,28.6,20.642371565439277,20.326363331969187,20.958379798909366
455,바이러스 접종군,V4,19.7,6,28.6,20.642371565439277,20.326363331969187,20.958379798909366
456,바이러스 접종군,V5,19.7,6,28.6,20.642371565439277,20.326363331969187,20.958379798909366
451,바이러스 접종군,V6,19.7,6,28.6,20.642371565439277,20.326363331969187,20.958379798909366
453,바이러스 접종군,V2,19.7,6,28.6,20.642371565439277,20.326363331969187,20.958379798909366
450,바이러스 접종군,V5,19.7,6,28.6,20.642371565439277,20.326363331969187,20.958379798909366
449,바이러스 접종군,V4,19.7,6,28.6,20.642371565439277,20.326363331969187,20.958379798909366
355,바이러스 접종군,V11,20.16,5,30.2,21.46235714866929,21.202635334296055,21.722078963042527
468,바이러스 접종군,V7,25.45,7,31.3,22.026097237139926,21.80144069291923,22.250753781360622
422,바이러스 접종군,V12,18.06,6,31.8,22.282342731899302,22.072161386826625,22.49252407697198
521,바이러스 접종군,V5,18.0,8,31.9,22.333591830851176,22.12616888930591,22.541014772396444
522,바이러스 접종군,V6,18.0,8,31.9,22.333591830851176,22.12616888930591,22.541014772396444
523,바이러스 접종군,V7,18.0,8,31.9,22.333591830851176,22.12616888930591,22.541014772396444
524,바이러스 접종군,V8,18.0,8,31.9,22.333591830851176,22.12616888930591,22.541014772396444
525,바이러스 접종군,V9,18.0,8,31.9,22.333591830851176,22.12616888930591,22.541014772396444
520,바이러스 접종군,V4,18.0,8,31.9,22.333591830851176,22.12616888930591,22.541014772396444
311,바이러스 접종군,V8,18.9,4,31.9,22.333591830851176,22.12616888930591,22.541014772396444
519,바이러스 접종군,V3,18.0,8,31.9,22.333591830851176,22.12616888930591,22.541014772396444
517,바이러스 접종군,V1,18.0,8,31.9,22.333591830851176,22.12616888930591,22.541014772396444
516,바이러스 접종군,V10,18.0,7,31.9,22.333591830851176,22.12616888930591,22.541014772396444
518,바이러스 접종군,V2,18.0,8,31.9,22.333591830851176,22.12616888930591,22.541014772396444
526,바이러스 접종군,V10,18.0,8,31.9,22.333591830851176,22.12616888930591,22.541014772396444
350,바이러스 접종군,V6,19.4,5,32.3,22.538588226658682,22.34167936863274,22.735497084684624
351,바이러스 접종군,V7,20.26,5,32.3,22.538588226658682,22.34167936863274,22.735497084684624
365,바이러스 접종군,V6,19.4,5,32.3,22.538588226658682,22.34167936863274,22.735497084684624
366,바이러스 접종군,V7,20.26,5,32.3,22.538588226658682,22.34167936863274,22.735497084684624
309,바이러스 접종군,V6,20.0,4,32.7,22.743584622466187,22.556255153238723,22.93091409169365
423,바이러스 접종군,V13,20.21,6,32.7,22.743584622466187,22.556255153238723,22.93091409169365
352,바이러스 접종군,V8,22.32,5,33.0,22.897331919321815,22.71648368088467,23.078180157758958
367,바이러스 접종군,V8,22.32,5,33.0,22.897331919321815,22.71648368088467,23.078180157758958
474,바이러스 접종군,V13,24.46,7,33.2,22.999830117225567,22.822930403634984,23.17672983081615
45,바이러스 접종군,V6,25.5,0,33.3,23.05107921617744,22.876034375449223,23.226124056905654
301,바이러스 접종군,V8,21.39,4,33.4,23.102328315129316,22.929055309480464,23.27560132077817
286,바이러스 접종군,V8,21.38,4,33.4,23.102328315129316,22.929055309480464,23.27560132077817
246,바이러스 접종군,V9,17.2,3,33.5,23.15357741408119,22.98199063332144,23.32516419484094
357,바이러스 접종군,V13,20.73,5,33.6,23.20482651303307,23.034837799289225,23.374815226776914
381,바이러스 접종군,V2,20.9,5,33.7,23.256075611984944,23.087594298798685,23.424556925171203
363,바이러스 접종군,V4,21.58,5,33.8,23.30732471093682,23.14025767765517,23.474391744218465
362,바이러스 접종군,V3,21.58,5,33.8,23.30732471093682,23.14025767765517,23.474391744218465
361,바이러스 접종군,V2,21.58,5,33.8,23.30732471093682,23.14025767765517,23.474391744218465
360,바이러스 접종군,V1,21.58,5,33.8,23.30732471093682,23.14025767765517,23.474391744218465
359,바이러스 접종군,V15,21.58,5,33.8,23.30732471093682,23.14025767765517,23.474391744218465
364,바이러스 접종군,V5,21.58,5,33.8,23.30732471093682,23.14025767765517,23.474391744218465
44,바이러스 접종군,V5,25.3,0,33.9,23.358573809888696,23.192825552130184,23.52432206764721
42,바이러스 접종군,V3,22.3,0,34.0,23.40982290884057,23.245295625649245,23.574350192031897
556,바이러스 접종군,V15,28.1,13,34.0,23.40982290884057,23.245295625649245,23.574350192031897
458,바이러스 접종군,V7,19.0,6,34.3,23.563570205696198,23.40209774194264,23.725042669449756
310,바이러스 접종군,V7,16.3,4,34.3,23.563570205696198,23.40209774194264,23.725042669449756
298,바이러스 접종군,V5,22.77,4,34.5,23.66606840359995,23.50610685792634,23.82602994927356
297,바이러스 접종군,V4,22.77,4,34.5,23.66606840359995,23.50610685792634,23.82602994927356
296,바이러스 접종군,V3,22.77,4,34.5,23.66606840359995,23.50610685792634,23.82602994927356
295,바이러스 접종군,V2,22.77,4,34.5,23.66606840359995,23.50610685792634,23.82602994927356
65,바이러스 접종군,V10,22.8,0,34.5,23.66606840359995,23.50610685792634,23.82602994927356
61,바이러스 접종군,V6,23.2,0,34.5,23.66606840359995,23.50610685792634,23.82602994927356
294,바이러스 접종군,V1,22.77,4,34.5,23.66606840359995,23.50610685792634,23.82602994927356
62,바이러스 접종군,V7,22.7,0,34.5,23.66606840359995,23.50610685792634,23.82602994927356
293,바이러스 접종군,V15,22.77,4,34.5,23.66606840359995,23.50610685792634,23.82602994927356
43,바이러스 접종군,V4,29.2,0,34.6,23.717317502551825,23.557948930361626,23.876686074742025
40,바이러스 접종군,V1,24.9,0,34.6,23.717317502551825,23.557948930361626,23.876686074742025
561,바이러스 접종군,V15,28.2,14,34.7,23.768566601503704,23.60968098814151,23.927452214865898
394,바이러스 접종군,V9,22.7,5,34.7,23.768566601503704,23.60968098814151,23.927452214865898
292,바이러스 접종군,V14,23.01,4,34.7,23.768566601503704,23.60968098814151,23.927452214865898
393,바이러스 접종군,V8,21.3,5,34.8,23.819815700455578,23.66130202568616,23.978329375224995
247,바이러스 접종군,V10,20.5,3,34.8,23.819815700455578,23.66130202568616,23.978329375224995
248,바이러스 접종군,V1,20.5,3,34.8,23.819815700455578,23.66130202568616,23.978329375224995
515,바이러스 접종군,V9,19.6,7,34.8,23.819815700455578,23.66130202568616,23.978329375224995
290,바이러스 접종군,V12,21.58,4,34.9,23.871064799407453,23.712811260210962,24.029318338603943
300,바이러스 접종군,V7,21.33,4,34.9,23.871064799407453,23.712811260210962,24.029318338603943
285,바이러스 접종군,V7,21.33,4,34.9,23.871064799407453,23.712811260210962,24.029318338603943
41,바이러스 접종군,V2,26.0,0,34.9,23.871064799407453,23.712811260210962,24.029318338603943
392,바이러스 접종군,V7,20.3,5,34.9,23.871064799407453,23.712811260210962,24.029318338603943
46,바이러스 접종군,V7,21.9,0,35.0,23.92231389835933,23.76420813985759,24.08041965686107
353,바이러스 접종군,V9,22.1,5,35.0,23.92231389835933,23.76420813985759,24.08041965686107
368,바이러스 접종군,V9,22.1,5,35.0,23.92231389835933,23.76420813985759,24.08041965686107
181,바이러스 접종군,V10,23.4,2,35.1,23.973562997311205,23.815492349503042,24.13163364511937
47,바이러스 접종군,V8,24.4,0,35.1,23.973562997311205,23.815492349503042,24.13163364511937
15,바이러스 접종군,V1,24.29,0,35.1,23.973562997311205,23.815492349503042,24.13163364511937
30,바이러스 접종군,V1,24.29,0,35.1,23.973562997311205,23.815492349503042,24.13163364511937
31,바이러스 접종군,V2,24.18,0,35.2,24.024812096263084,23.866663814105294,24.182960378420873
16,바이러스 접종군,V2,24.18,0,35.2,24.024812096263084,23.866663814105294,24.182960378420873
163,바이러스 접종군,V2,24.0,2,35.2,24.024812096263084,23.866663814105294,24.182960378420873
265,바이러스 접종군,V2,24.74,4,35.2,24.024812096263084,23.866663814105294,24.182960378420873
148,바이러스 접종군,V2,24.0,2,35.2,24.024812096263084,23.866663814105294,24.182960378420873
302,바이러스 접종군,V9,24.0,4,35.2,24.024812096263084,23.866663814105294,24.182960378420873
287,바이러스 접종군,V9,24.0,4,35.2,24.024812096263084,23.866663814105294,24.182960378420873
459,바이러스 접종군,V8,20.3,6,35.2,24.024812096263084,23.866663814105294,24.182960378420873
180,바이러스 접종군,V9,19.4,2,35.2,24.024812096263084,23.866663814105294,24.182960378420873
329,바이러스 접종군,V10,24.2,4,35.3,24.076061195214955,23.917722699503035,24.234399690926875
326,바이러스 접종군,V7,22.1,4,35.3,24.076061195214955,23.917722699503035,24.234399690926875
147,바이러스 접종군,V1,23.39,2,35.3,24.076061195214955,23.917722699503035,24.234399690926875
344,바이러스 접종군,V15,28.75,5,35.3,24.076061195214955,23.917722699503035,24.234399690926875
345,바이러스 접종군,V1,28.75,5,35.3,24.076061195214955,23.917722699503035,24.234399690926875
346,바이러스 접종군,V2,28.75,5,35.3,24.076061195214955,23.917722699503035,24.234399690926875
347,바이러스 접종군,V3,28.75,5,35.3,24.076061195214955,23.917722699503035,24.234399690926875
348,바이러스 접종군,V4,28.75,5,35.3,24.076061195214955,23.917722699503035,24.234399690926875
349,바이러스 접종군,V5,28.75,5,35.3,24.076061195214955,23.917722699503035,24.234399690926875
162,바이러스 접종군,V1,23.39,2,35.3,24.076061195214955,23.917722699503035,24.234399690926875
551,바이러스 접종군,V15,28.14,12,35.3,24.076061195214955,23.917722699503035,24.234399690926875
328,바이러스 접종군,V9,26.2,4,35.4,24.127310294166833,23.968669410649838,24.285951177683827
358,바이러스 접종군,V14,21.88,5,35.4,24.127310294166833,23.968669410649838,24.285951177683827
467,바이러스 접종군,V6,29.41,7,35.4,24.127310294166833,23.968669410649838,24.285951177683827
49,바이러스 접종군,V10,24.8,0,35.4,24.127310294166833,23.968669410649838,24.285951177683827
210,바이러스 접종군,V13,27.19,3,35.5,24.178559393118707,24.019504587326242,24.337614198911172
271,바이러스 접종군,V8,23.56,4,35.5,24.178559393118707,24.019504587326242,24.337614198911172
275,바이러스 접종군,V12,27.8,4,35.5,24.178559393118707,24.019504587326242,24.337614198911172
217,바이러스 접종군,V5,28.99,3,35.5,24.178559393118707,24.019504587326242,24.337614198911172
212,바이러스 접종군,V15,28.99,3,35.5,24.178559393118707,24.019504587326242,24.337614198911172
216,바이러스 접종군,V4,28.99,3,35.5,24.178559393118707,24.019504587326242,24.337614198911172
213,바이러스 접종군,V1,28.99,3,35.5,24.178559393118707,24.019504587326242,24.337614198911172
214,바이러스 접종군,V2,28.99,3,35.5,24.178559393118707,24.019504587326242,24.337614198911172
327,바이러스 접종군,V8,22.8,4,35.5,24.178559393118707,24.019504587326242,24.337614198911172
220,바이러스 접종군,V8,23.02,3,35.5,24.178559393118707,24.019504587326242,24.337614198911172
215,바이러스 접종군,V3,28.99,3,35.5,24.178559393118707,24.019504587326242,24.337614198911172
397,바이러스 접종군,V2,21.3,6,35.5,24.178559393118707,24.019504587326242,24.337614198911172
235,바이러스 접종군,V8,23.02,3,35.5,24.178559393118707,24.019504587326242,24.337614198911172
356,바이러스 접종군,V12,20.36,5,35.5,24.178559393118707,24.019504587326242,24.337614198911172
140,바이러스 접종군,V9,26.23,2,35.5,24.178559393118707,24.019504587326242,24.337614198911172
400,바이러스 접종군,V5,21.3,6,35.5,24.178559393118707,24.019504587326242,24.337614198911172
399,바이러스 접종군,V4,21.3,6,35.5,24.178559393118707,24.019504587326242,24.337614198911172
398,바이러스 접종군,V3,21.3,6,35.5,24.178559393118707,24.019504587326242,24.337614198911172
396,바이러스 접종군,V1,21.3,6,35.5,24.178559393118707,24.019504587326242,24.337614198911172
395,바이러스 접종군,V10,21.3,5,35.5,24.178559393118707,24.019504587326242,24.337614198911172
270,바이러스 접종군,V7,29.63,4,35.6,24.229808492070585,24.07022909743522,24.38938788670595
64,바이러스 접종군,V9,26.4,0,35.6,24.229808492070585,24.07022909743522,24.38938788670595
289,바이러스 접종군,V11,21.01,4,35.6,24.229808492070585,24.07022909743522,24.38938788670595
472,바이러스 접종군,V11,24.93,7,35.7,24.281057591022464,24.12084402804296,24.441271154001967
272,바이러스 접종군,V9,27.1,4,35.7,24.281057591022464,24.12084402804296,24.441271154001967
390,바이러스 접종군,V5,20.4,5,35.7,24.281057591022464,24.12084402804296,24.441271154001967
389,바이러스 접종군,V4,20.4,5,35.7,24.281057591022464,24.12084402804296,24.441271154001967
388,바이러스 접종군,V3,20.4,5,35.7,24.281057591022464,24.12084402804296,24.441271154001967
341,바이러스 접종군,V12,27.33,5,35.7,24.281057591022464,24.12084402804296,24.441271154001967
386,바이러스 접종군,V1,20.4,5,35.7,24.281057591022464,24.12084402804296,24.441271154001967
354,바이러스 접종군,V10,23.01,5,35.7,24.281057591022464,24.12084402804296,24.441271154001967
387,바이러스 접종군,V2,20.4,5,35.7,24.281057591022464,24.12084402804296,24.441271154001967
343,바이러스 접종군,V14,27.02,5,35.7,24.281057591022464,24.12084402804296,24.441271154001967
384,바이러스 접종군,V5,20.4,5,35.7,24.281057591022464,24.12084402804296,24.441271154001967
385,바이러스 접종군,V6,20.4,5,35.7,24.281057591022464,24.12084402804296,24.441271154001967
383,바이러스 접종군,V4,20.4,5,35.7,24.281057591022464,24.12084402804296,24.441271154001967
374,바이러스 접종군,V5,23.02,5,35.8,24.332306689974335,24.171350674377308,24.49326270557136
269,바이러스 접종군,V6,30.12,4,35.8,24.332306689974335,24.171350674377308,24.49326270557136
373,바이러스 접종군,V4,23.02,5,35.8,24.332306689974335,24.171350674377308,24.49326270557136
372,바이러스 접종군,V3,23.02,5,35.8,24.332306689974335,24.171350674377308,24.49326270557136
527,바이러스 접종군,V11,24.27,8,35.8,24.332306689974335,24.171350674377308,24.49326270557136
48,바이러스 접종군,V9,21.3,0,35.8,24.332306689974335,24.171350674377308,24.49326270557136
369,바이러스 접종군,V10,23.02,5,35.8,24.332306689974335,24.171350674377308,24.49326270557136
370,바이러스 접종군,V1,23.02,5,35.8,24.332306689974335,24.171350674377308,24.49326270557136
371,바이러스 접종군,V2,23.02,5,35.8,24.332306689974335,24.171350674377308,24.49326270557136
514,바이러스 접종군,V8,20.0,7,35.9,24.383555788926213,24.221750527036992,24.545361050815433
402,바이러스 접종군,V7,26.8,6,35.9,24.383555788926213,24.221750527036992,24.545361050815433
207,바이러스 접종군,V10,25.57,3,35.9,24.383555788926213,24.221750527036992,24.545361050815433
245,바이러스 접종군,V8,20.4,3,35.9,24.383555788926213,24.221750527036992,24.545361050815433
276,바이러스 접종군,V13,27.27,4,35.9,24.383555788926213,24.221750527036992,24.545361050815433
555,바이러스 접종군,V14,26.99,13,36.0,24.434804887878087,24.27204525769574,24.597564518060434
554,바이러스 접종군,V13,28.01,13,36.0,24.434804887878087,24.27204525769574,24.597564518060434
553,바이러스 접종군,V12,28.01,13,36.0,24.434804887878087,24.27204525769574,24.597564518060434
261,바이러스 접종군,V8,22.8,3,36.0,24.434804887878087,24.27204525769574,24.597564518060434
539,바이러스 접종군,V13,27.04,10,36.0,24.434804887878087,24.27204525769574,24.597564518060434
538,바이러스 접종군,V12,27.04,10,36.0,24.434804887878087,24.27204525769574,24.597564518060434
283,바이러스 접종군,V5,29.0,4,36.0,24.434804887878087,24.27204525769574,24.597564518060434
340,바이러스 접종군,V11,26.13,5,36.0,24.434804887878087,24.27204525769574,24.597564518060434
281,바이러스 접종군,V3,29.0,4,36.0,24.434804887878087,24.27204525769574,24.597564518060434
279,바이러스 접종군,V1,29.0,4,36.0,24.434804887878087,24.27204525769574,24.597564518060434
278,바이러스 접종군,V15,29.0,4,36.0,24.434804887878087,24.27204525769574,24.597564518060434
277,바이러스 접종군,V14,27.26,4,36.0,24.434804887878087,24.27204525769574,24.597564518060434
469,바이러스 접종군,V8,23.76,7,36.0,24.434804887878087,24.27204525769574,24.597564518060434
531,바이러스 접종군,V15,26.57,8,36.0,24.434804887878087,24.27204525769574,24.597564518060434
282,바이러스 접종군,V4,29.0,4,36.0,24.434804887878087,24.27204525769574,24.597564518060434
280,바이러스 접종군,V2,29.0,4,36.0,24.434804887878087,24.27204525769574,24.597564518060434
56,바이러스 접종군,V1,22.8,0,36.0,24.434804887878087,24.27204525769574,24.597564518060434
68,바이러스 접종군,V3,27.76,1,36.0,24.434804887878087,24.27204525769574,24.597564518060434
71,바이러스 접종군,V6,29.0,1,36.0,24.434804887878087,24.27204525769574,24.597564518060434
208,바이러스 접종군,V11,25.89,3,36.0,24.434804887878087,24.27204525769574,24.597564518060434
111,바이러스 접종군,V6,26.3,1,36.0,24.434804887878087,24.27204525769574,24.597564518060434
513,바이러스 접종군,V7,19.2,7,36.1,24.486053986829965,24.32223670360553,24.6498712700544
218,바이러스 접종군,V6,23.54,3,36.1,24.486053986829965,24.32223670360553,24.6498712700544
540,바이러스 접종군,V14,26.46,10,36.1,24.486053986829965,24.32223670360553,24.6498712700544
325,바이러스 접종군,V6,23.4,4,36.1,24.486053986829965,24.32223670360553,24.6498712700544
260,바이러스 접종군,V7,23.3,3,36.1,24.486053986829965,24.32223670360553,24.6498712700544
136,바이러스 접종군,V5,25.97,2,36.1,24.486053986829965,24.32223670360553,24.6498712700544
264,바이러스 접종군,V1,21.53,4,36.1,24.486053986829965,24.32223670360553,24.6498712700544
233,바이러스 접종군,V6,23.54,3,36.1,24.486053986829965,24.32223670360553,24.6498712700544
530,바이러스 접종군,V14,25.13,8,36.1,24.486053986829965,24.32223670360553,24.6498712700544
78,바이러스 접종군,V13,27.1,1,36.1,24.486053986829965,24.32223670360553,24.6498712700544
73,바이러스 접종군,V8,22.99,1,36.2,24.53730308578184,24.37232685121194,24.70227932035174
74,바이러스 접종군,V9,26.74,1,36.2,24.53730308578184,24.37232685121194,24.70227932035174
484,바이러스 접종군,V8,27.5,7,36.2,24.53730308578184,24.37232685121194,24.70227932035174
268,바이러스 접종군,V5,26.22,4,36.2,24.53730308578184,24.37232685121194,24.70227932035174
166,바이러스 접종군,V5,25.56,2,36.2,24.53730308578184,24.37232685121194,24.70227932035174
476,바이러스 접종군,V15,27.5,7,36.2,24.53730308578184,24.37232685121194,24.70227932035174
485,바이러스 접종군,V9,27.5,7,36.2,24.53730308578184,24.37232685121194,24.70227932035174
477,바이러스 접종군,V1,27.5,7,36.2,24.53730308578184,24.37232685121194,24.70227932035174
478,바이러스 접종군,V2,27.5,7,36.2,24.53730308578184,24.37232685121194,24.70227932035174
284,바이러스 접종군,V6,20.85,4,36.2,24.53730308578184,24.37232685121194,24.70227932035174
206,바이러스 접종군,V9,27.12,3,36.2,24.53730308578184,24.37232685121194,24.70227932035174
479,바이러스 접종군,V3,27.5,7,36.2,24.53730308578184,24.37232685121194,24.70227932035174
480,바이러스 접종군,V4,27.5,7,36.2,24.53730308578184,24.37232685121194,24.70227932035174
483,바이러스 접종군,V7,27.5,7,36.2,24.53730308578184,24.37232685121194,24.70227932035174
211,바이러스 접종군,V14,27.19,3,36.2,24.53730308578184,24.37232685121194,24.70227932035174
481,바이러스 접종군,V5,27.5,7,36.2,24.53730308578184,24.37232685121194,24.70227932035174
486,바이러스 접종군,V10,27.5,7,36.2,24.53730308578184,24.37232685121194,24.70227932035174
20,바이러스 접종군,V6,24.7,0,36.2,24.53730308578184,24.37232685121194,24.70227932035174
151,바이러스 접종군,V5,25.56,2,36.2,24.53730308578184,24.37232685121194,24.70227932035174
338,바이러스 접종군,V9,26.71,5,36.2,24.53730308578184,24.37232685121194,24.70227932035174
337,바이러스 접종군,V8,23.66,5,36.2,24.53730308578184,24.37232685121194,24.70227932035174
403,바이러스 접종군,V8,23.42,6,36.2,24.53730308578184,24.37232685121194,24.70227932035174
96,바이러스 접종군,V1,23.44,1,36.2,24.53730308578184,24.37232685121194,24.70227932035174
259,바이러스 접종군,V6,23.9,3,36.2,24.53730308578184,24.37232685121194,24.70227932035174
81,바이러스 접종군,V1,23.44,1,36.2,24.53730308578184,24.37232685121194,24.70227932035174
91,바이러스 접종군,V11,25.11,1,36.2,24.53730308578184,24.37232685121194,24.70227932035174
52,바이러스 접종군,V3,24.3,0,36.2,24.53730308578184,24.37232685121194,24.70227932035174
188,바이러스 접종군,V1,22.5,2,36.2,24.53730308578184,24.37232685121194,24.70227932035174
299,바이러스 접종군,V6,20.85,4,36.2,24.53730308578184,24.37232685121194,24.70227932035174
482,바이러스 접종군,V6,27.5,7,36.2,24.53730308578184,24.37232685121194,24.70227932035174
63,바이러스 접종군,V8,22.9,0,36.2,24.53730308578184,24.37232685121194,24.70227932035174
190,바이러스 접종군,V3,22.9,2,36.2,24.53730308578184,24.37232685121194,24.70227932035174
35,바이러스 접종군,V6,24.7,0,36.2,24.53730308578184,24.37232685121194,24.70227932035174
79,바이러스 접종군,V14,26.69,1,36.3,24.588552184733715,24.42231781919345,24.75478655027398
133,바이러스 접종군,V2,24.52,2,36.3,24.588552184733715,24.42231781919345,24.75478655027398
137,바이러스 접종군,V6,28.83,2,36.3,24.588552184733715,24.42231781919345,24.75478655027398
76,바이러스 접종군,V11,26.0,1,36.3,24.588552184733715,24.42231781919345,24.75478655027398
475,바이러스 접종군,V14,25.59,7,36.3,24.588552184733715,24.42231781919345,24.75478655027398
205,바이러스 접종군,V8,23.73,3,36.3,24.588552184733715,24.42231781919345,24.75478655027398
22,바이러스 접종군,V8,25.14,0,36.3,24.588552184733715,24.42231781919345,24.75478655027398
266,바이러스 접종군,V3,27.61,4,36.3,24.588552184733715,24.42231781919345,24.75478655027398
243,바이러스 접종군,V6,21.3,3,36.3,24.588552184733715,24.42231781919345,24.75478655027398
37,바이러스 접종군,V8,25.14,0,36.3,24.588552184733715,24.42231781919345,24.75478655027398
86,바이러스 접종군,V6,24.67,1,36.4,24.63980128368559,24.47221184122523,24.807390726145947
88,바이러스 접종군,V8,24.6,1,36.4,24.63980128368559,24.47221184122523,24.807390726145947
25,바이러스 접종군,V11,25.6,0,36.4,24.63980128368559,24.47221184122523,24.807390726145947
67,바이러스 접종군,V2,24.73,1,36.4,24.63980128368559,24.47221184122523,24.807390726145947
101,바이러스 접종군,V6,24.67,1,36.4,24.63980128368559,24.47221184122523,24.807390726145947
103,바이러스 접종군,V8,24.6,1,36.4,24.63980128368559,24.47221184122523,24.807390726145947
209,바이러스 접종군,V12,27.39,3,36.4,24.63980128368559,24.47221184122523,24.807390726145947
404,바이러스 접종군,V9,26.54,6,36.5,24.691050382637467,24.522011248749312,24.860089516525623
145,바이러스 접종군,V14,26.0,2,36.5,24.691050382637467,24.522011248749312,24.860089516525623
36,바이러스 접종군,V7,26.4,0,36.5,24.691050382637467,24.522011248749312,24.860089516525623
175,바이러스 접종군,V4,28.3,2,36.5,24.691050382637467,24.522011248749312,24.860089516525623
150,바이러스 접종군,V4,23.63,2,36.5,24.691050382637467,24.522011248749312,24.860089516525623
21,바이러스 접종군,V7,26.4,0,36.5,24.691050382637467,24.522011248749312,24.860089516525623
58,바이러스 접종군,V3,22.8,0,36.5,24.691050382637467,24.522011248749312,24.860089516525623
173,바이러스 접종군,V2,26.3,2,36.5,24.691050382637467,24.522011248749312,24.860089516525623
274,바이러스 접종군,V11,26.03,4,36.5,24.691050382637467,24.522011248749312,24.860089516525623
263,바이러스 접종군,V10,24.2,3,36.5,24.691050382637467,24.522011248749312,24.860089516525623
545,바이러스 접종군,V14,26.6,11,36.5,24.691050382637467,24.522011248749312,24.860089516525623
234,바이러스 접종군,V7,23.61,3,36.5,24.691050382637467,24.522011248749312,24.860089516525623
70,바이러스 접종군,V5,25.87,1,36.5,24.691050382637467,24.522011248749312,24.860089516525623
470,바이러스 접종군,V9,26.77,7,36.5,24.691050382637467,24.522011248749312,24.860089516525623
57,바이러스 접종군,V2,22.7,0,36.5,24.691050382637467,24.522011248749312,24.860089516525623
267,바이러스 접종군,V4,26.4,4,36.5,24.691050382637467,24.522011248749312,24.860089516525623
165,바이러스 접종군,V4,23.63,2,36.5,24.691050382637467,24.522011248749312,24.860089516525623
219,바이러스 접종군,V7,23.61,3,36.5,24.691050382637467,24.522011248749312,24.860089516525623
543,바이러스 접종군,V12,27.2,11,36.6,24.742299481589345,24.57171845400706,24.912880509171632
544,바이러스 접종군,V13,27.2,11,36.6,24.742299481589345,24.57171845400706,24.912880509171632
135,바이러스 접종군,V4,26.15,2,36.6,24.742299481589345,24.57171845400706,24.912880509171632
335,바이러스 접종군,V6,29.59,5,36.6,24.742299481589345,24.57171845400706,24.912880509171632
172,바이러스 접종군,V1,23.4,2,36.6,24.742299481589345,24.57171845400706,24.912880509171632
134,바이러스 접종군,V3,26.8,2,36.6,24.742299481589345,24.57171845400706,24.912880509171632
401,바이러스 접종군,V6,29.37,6,36.6,24.742299481589345,24.57171845400706,24.912880509171632
528,바이러스 접종군,V12,26.33,8,36.6,24.742299481589345,24.57171845400706,24.912880509171632
244,바이러스 접종군,V7,18.4,3,36.6,24.742299481589345,24.57171845400706,24.912880509171632
77,바이러스 접종군,V12,27.35,1,36.6,24.742299481589345,24.57171845400706,24.912880509171632
80,바이러스 접종군,V15,28.41,1,36.6,24.742299481589345,24.57171845400706,24.912880509171632
535,바이러스 접종군,V14,26.27,9,36.6,24.742299481589345,24.57171845400706,24.912880509171632
537,바이러스 접종군,V11,25.6,10,36.6,24.742299481589345,24.57171845400706,24.912880509171632
75,바이러스 접종군,V10,24.98,1,36.6,24.742299481589345,24.57171845400706,24.912880509171632
204,바이러스 접종군,V7,29.4,3,36.6,24.742299481589345,24.57171845400706,24.912880509171632
239,바이러스 접종군,V2,26.96,3,36.7,24.79354858054122,24.62133593355998,24.96576122752246
97,바이러스 접종군,V2,23.38,1,36.7,24.79354858054122,24.62133593355998,24.96576122752246
174,바이러스 접종군,V3,20.2,2,36.7,24.79354858054122,24.62133593355998,24.96576122752246
240,바이러스 접종군,V3,26.96,3,36.7,24.79354858054122,24.62133593355998,24.96576122752246
222,바이러스 접종군,V10,26.96,3,36.7,24.79354858054122,24.62133593355998,24.96576122752246
238,바이러스 접종군,V1,26.96,3,36.7,24.79354858054122,24.62133593355998,24.96576122752246
237,바이러스 접종군,V10,26.96,3,36.7,24.79354858054122,24.62133593355998,24.96576122752246
342,바이러스 접종군,V13,27.14,5,36.7,24.79354858054122,24.62133593355998,24.96576122752246
82,바이러스 접종군,V2,23.38,1,36.7,24.79354858054122,24.62133593355998,24.96576122752246
273,바이러스 접종군,V10,25.88,4,36.7,24.79354858054122,24.62133593355998,24.96576122752246
242,바이러스 접종군,V5,26.96,3,36.7,24.79354858054122,24.62133593355998,24.96576122752246
241,바이러스 접종군,V4,26.96,3,36.7,24.79354858054122,24.62133593355998,24.96576122752246
164,바이러스 접종군,V3,24.61,2,36.8,24.844797679493094,24.67086621249121,25.01872914649498
142,바이러스 접종군,V11,26.19,2,36.8,24.844797679493094,24.67086621249121,25.01872914649498
541,바이러스 접종군,V15,28.19,10,36.8,24.844797679493094,24.67086621249121,25.01872914649498
93,바이러스 접종군,V13,24.57,1,36.8,24.844797679493094,24.67086621249121,25.01872914649498
124,바이러스 접종군,V3,23.0,1,36.8,24.844797679493094,24.67086621249121,25.01872914649498
229,바이러스 접종군,V2,24.62,3,36.8,24.844797679493094,24.67086621249121,25.01872914649498
66,바이러스 접종군,V1,21.29,1,36.8,24.844797679493094,24.67086621249121,25.01872914649498
102,바이러스 접종군,V7,25.67,1,36.8,24.844797679493094,24.67086621249121,25.01872914649498
230,바이러스 접종군,V3,24.62,3,36.8,24.844797679493094,24.67086621249121,25.01872914649498
221,바이러스 접종군,V9,25.99,3,36.8,24.844797679493094,24.67086621249121,25.01872914649498
227,바이러스 접종군,V15,24.62,3,36.8,24.844797679493094,24.67086621249121,25.01872914649498
224,바이러스 접종군,V12,24.0,3,36.8,24.844797679493094,24.67086621249121,25.01872914649498
186,바이러스 접종군,V5,23.9,2,36.8,24.844797679493094,24.67086621249121,25.01872914649498
236,바이러스 접종군,V9,25.99,3,36.8,24.844797679493094,24.67086621249121,25.01872914649498
226,바이러스 접종군,V14,25.16,3,36.8,24.844797679493094,24.67086621249121,25.01872914649498
223,바이러스 접종군,V11,23.65,3,36.8,24.844797679493094,24.67086621249121,25.01872914649498
192,바이러스 접종군,V5,26.2,2,36.8,24.844797679493094,24.67086621249121,25.01872914649498
232,바이러스 접종군,V5,24.62,3,36.8,24.844797679493094,24.67086621249121,25.01872914649498
179,바이러스 접종군,V8,23.5,2,36.8,24.844797679493094,24.67086621249121,25.01872914649498
202,바이러스 접종군,V5,25.89,3,36.8,24.844797679493094,24.67086621249121,25.01872914649498
231,바이러스 접종군,V4,24.62,3,36.8,24.844797679493094,24.67086621249121,25.01872914649498
228,바이러스 접종군,V1,24.62,3,36.8,24.844797679493094,24.67086621249121,25.01872914649498
405,바이러스 접종군,V10,26.36,6,36.9,24.89604677844497,24.72031184944548,25.071781707444458
53,바이러스 접종군,V4,22.5,0,36.9,24.89604677844497,24.72031184944548,25.071781707444458
391,바이러스 접종군,V6,22.5,5,36.9,24.89604677844497,24.72031184944548,25.071781707444458
249,바이러스 접종군,V2,22.8,3,36.9,24.89604677844497,24.72031184944548,25.071781707444458
199,바이러스 접종군,V2,24.69,3,36.9,24.89604677844497,24.72031184944548,25.071781707444458
32,바이러스 접종군,V3,25.54,0,36.9,24.89604677844497,24.72031184944548,25.071781707444458
225,바이러스 접종군,V13,24.71,3,36.9,24.89604677844497,24.72031184944548,25.071781707444458
138,바이러스 접종군,V7,29.24,2,36.9,24.89604677844497,24.72031184944548,25.071781707444458
542,바이러스 접종군,V11,25.53,11,36.9,24.89604677844497,24.72031184944548,25.071781707444458
154,바이러스 접종군,V8,24.34,2,36.9,24.89604677844497,24.72031184944548,25.071781707444458
169,바이러스 접종군,V8,24.34,2,36.9,24.89604677844497,24.72031184944548,25.071781707444458
532,바이러스 접종군,V11,25.58,9,36.9,24.89604677844497,24.72031184944548,25.071781707444458
149,바이러스 접종군,V3,24.61,2,36.9,24.89604677844497,24.72031184944548,25.071781707444458
17,바이러스 접종군,V3,25.54,0,36.9,24.89604677844497,24.72031184944548,25.071781707444458
87,바이러스 접종군,V7,25.67,1,36.9,24.89604677844497,24.72031184944548,25.071781707444458
201,바이러스 접종군,V4,25.99,3,37.0,24.947295877396847,24.769675422630595,25.1249163321631
549,바이러스 접종군,V13,27.85,12,37.0,24.947295877396847,24.769675422630595,25.1249163321631
552,바이러스 접종군,V11,26.43,13,37.0,24.947295877396847,24.769675422630595,25.1249163321631
203,바이러스 접종군,V6,29.27,3,37.0,24.947295877396847,24.769675422630595,25.1249163321631
288,바이러스 접종군,V10,24.02,4,37.0,24.947295877396847,24.769675422630595,25.1249163321631
548,바이러스 접종군,V12,27.85,12,37.0,24.947295877396847,24.769675422630595,25.1249163321631
98,바이러스 접종군,V3,24.5,1,37.0,24.947295877396847,24.769675422630595,25.1249163321631
308,바이러스 접종군,V5,24.02,4,37.0,24.947295877396847,24.769675422630595,25.1249163321631
69,바이러스 접종군,V4,26.19,1,37.0,24.947295877396847,24.769675422630595,25.1249163321631
27,바이러스 접종군,V13,25.19,0,37.0,24.947295877396847,24.769675422630595,25.1249163321631
59,바이러스 접종군,V4,24.3,0,37.0,24.947295877396847,24.769675422630595,25.1249163321631
382,바이러스 접종군,V3,22.6,5,37.0,24.947295877396847,24.769675422630595,25.1249163321631
307,바이러스 접종군,V4,24.02,4,37.0,24.947295877396847,24.769675422630595,25.1249163321631
339,바이러스 접종군,V10,25.72,5,37.0,24.947295877396847,24.769675422630595,25.1249163321631
303,바이러스 접종군,V10,24.02,4,37.0,24.947295877396847,24.769675422630595,25.1249163321631
304,바이러스 접종군,V1,24.02,4,37.0,24.947295877396847,24.769675422630595,25.1249163321631
146,바이러스 접종군,V15,28.59,2,37.0,24.947295877396847,24.769675422630595,25.1249163321631
305,바이러스 접종군,V2,24.02,4,37.0,24.947295877396847,24.769675422630595,25.1249163321631
144,바이러스 접종군,V13,26.83,2,37.0,24.947295877396847,24.769675422630595,25.1249163321631
83,바이러스 접종군,V3,24.5,1,37.0,24.947295877396847,24.769675422630595,25.1249163321631
306,바이러스 접종군,V3,24.02,4,37.0,24.947295877396847,24.769675422630595,25.1249163321631
331,바이러스 접종군,V2,25.32,5,37.0,24.947295877396847,24.769675422630595,25.1249163321631
550,바이러스 접종군,V14,26.68,12,37.1,24.99854497634872,24.818959516870038,25.178130435827406
168,바이러스 접종군,V7,25.85,2,37.1,24.99854497634872,24.818959516870038,25.178130435827406
200,바이러스 접종군,V3,27.01,3,37.1,24.99854497634872,24.818959516870038,25.178130435827406
118,바이러스 접종군,V3,24.3,1,37.1,24.99854497634872,24.818959516870038,25.178130435827406
18,바이러스 접종군,V4,24.27,0,37.1,24.99854497634872,24.818959516870038,25.178130435827406
262,바이러스 접종군,V9,26.2,3,37.1,24.99854497634872,24.818959516870038,25.178130435827406
153,바이러스 접종군,V7,25.85,2,37.1,24.99854497634872,24.818959516870038,25.178130435827406
547,바이러스 접종군,V11,25.85,12,37.1,24.99854497634872,24.818959516870038,25.178130435827406
139,바이러스 접종군,V8,23.27,2,37.1,24.99854497634872,24.818959516870038,25.178130435827406
33,바이러스 접종군,V4,24.27,0,37.1,24.99854497634872,24.818959516870038,25.178130435827406
167,바이러스 접종군,V6,24.57,2,37.2,25.0497940753006,24.868166711765102,25.231421438836097
546,바이러스 접종군,V15,28.56,11,37.2,25.0497940753006,24.868166711765102,25.231421438836097
152,바이러스 접종군,V6,24.57,2,37.2,25.0497940753006,24.868166711765102,25.231421438836097
143,바이러스 접종군,V12,27.65,2,37.2,25.0497940753006,24.868166711765102,25.231421438836097
132,바이러스 접종군,V1,21.62,2,37.2,25.0497940753006,24.868166711765102,25.231421438836097
536,바이러스 접종군,V15,28.01,9,37.2,25.0497940753006,24.868166711765102,25.231421438836097
129,바이러스 접종군,V8,22.7,1,37.2,25.0497940753006,24.868166711765102,25.231421438836097
191,바이러스 접종군,V4,24.7,2,37.2,25.0497940753006,24.868166711765102,25.231421438836097
457,바이러스 접종군,V6,21.5,6,37.2,25.0497940753006,24.868166711765102,25.231421438836097
408,바이러스 접종군,V13,26.77,6,37.2,25.0497940753006,24.868166711765102,25.231421438836097
291,바이러스 접종군,V13,21.63,4,37.2,25.0497940753006,24.868166711765102,25.231421438836097
197,바이러스 접종군,V10,23.6,2,37.2,25.0497940753006,24.868166711765102,25.231421438836097
120,바이러스 접종군,V5,23.4,1,37.2,25.0497940753006,24.868166711765102,25.231421438836097
113,바이러스 접종군,V8,24.5,1,37.2,25.0497940753006,24.868166711765102,25.231421438836097
54,바이러스 접종군,V5,23.7,0,37.3,25.10104317425247,24.91729957099666,25.28478677750828
195,바이러스 접종군,V8,23.0,2,37.3,25.10104317425247,24.91729957099666,25.28478677750828
473,바이러스 접종군,V12,26.0,7,37.3,25.10104317425247,24.91729957099666,25.28478677750828
184,바이러스 접종군,V3,24.6,2,37.3,25.10104317425247,24.91729957099666,25.28478677750828
178,바이러스 접종군,V7,20.6,2,37.3,25.10104317425247,24.91729957099666,25.28478677750828
92,바이러스 접종군,V12,24.0,1,37.3,25.10104317425247,24.91729957099666,25.28478677750828
410,바이러스 접종군,V15,28.14,6,37.3,25.10104317425247,24.91729957099666,25.28478677750828
419,바이러스 접종군,V9,28.14,6,37.3,25.10104317425247,24.91729957099666,25.28478677750828
416,바이러스 접종군,V6,28.14,6,37.3,25.10104317425247,24.91729957099666,25.28478677750828
415,바이러스 접종군,V5,28.14,6,37.3,25.10104317425247,24.91729957099666,25.28478677750828
420,바이러스 접종군,V10,28.14,6,37.3,25.10104317425247,24.91729957099666,25.28478677750828
407,바이러스 접종군,V12,27.1,6,37.3,25.10104317425247,24.91729957099666,25.28478677750828
414,바이러스 접종군,V4,28.14,6,37.3,25.10104317425247,24.91729957099666,25.28478677750828
418,바이러스 접종군,V8,28.14,6,37.3,25.10104317425247,24.91729957099666,25.28478677750828
412,바이러스 접종군,V2,28.14,6,37.3,25.10104317425247,24.91729957099666,25.28478677750828
413,바이러스 접종군,V3,28.14,6,37.3,25.10104317425247,24.91729957099666,25.28478677750828
115,바이러스 접종군,V10,25.8,1,37.3,25.10104317425247,24.91729957099666,25.28478677750828
332,바이러스 접종군,V3,27.0,5,37.3,25.10104317425247,24.91729957099666,25.28478677750828
177,바이러스 접종군,V6,25.2,2,37.3,25.10104317425247,24.91729957099666,25.28478677750828
128,바이러스 접종군,V7,23.5,1,37.3,25.10104317425247,24.91729957099666,25.28478677750828
411,바이러스 접종군,V1,28.14,6,37.3,25.10104317425247,24.91729957099666,25.28478677750828
417,바이러스 접종군,V7,28.14,6,37.3,25.10104317425247,24.91729957099666,25.28478677750828
465,바이러스 접종군,V4,19.4,7,37.4,25.15229227320435,24.96636063277194,25.338223913636757
466,바이러스 접종군,V5,19.4,7,37.4,25.15229227320435,24.96636063277194,25.338223913636757
336,바이러스 접종군,V7,29.69,5,37.4,25.15229227320435,24.96636063277194,25.338223913636757
51,바이러스 접종군,V2,23.2,0,37.4,25.15229227320435,24.96636063277194,25.338223913636757
463,바이러스 접종군,V2,19.4,7,37.4,25.15229227320435,24.96636063277194,25.338223913636757
464,바이러스 접종군,V3,19.4,7,37.4,25.15229227320435,24.96636063277194,25.338223913636757
461,바이러스 접종군,V10,19.4,6,37.4,25.15229227320435,24.96636063277194,25.338223913636757
471,바이러스 접종군,V10,24.97,7,37.4,25.15229227320435,24.96636063277194,25.338223913636757
141,바이러스 접종군,V10,25.95,2,37.4,25.15229227320435,24.96636063277194,25.338223913636757
19,바이러스 접종군,V5,26.03,0,37.4,25.15229227320435,24.96636063277194,25.338223913636757
107,바이러스 접종군,V2,25.8,1,37.4,25.15229227320435,24.96636063277194,25.338223913636757
34,바이러스 접종군,V5,26.03,0,37.4,25.15229227320435,24.96636063277194,25.338223913636757
99,바이러스 접종군,V4,23.0,1,37.4,25.15229227320435,24.96636063277194,25.338223913636757
84,바이러스 접종군,V4,23.0,1,37.4,25.15229227320435,24.96636063277194,25.338223913636757
462,바이러스 접종군,V1,19.4,7,37.4,25.15229227320435,24.96636063277194,25.338223913636757
3,바이러스 접종군,V4,26.57,0,37.5,25.203541372156227,25.015352401400154,25.3917303429123
333,바이러스 접종군,V4,26.33,5,37.5,25.203541372156227,25.015352401400154,25.3917303429123
560,바이러스 접종군,V14,27.15,14,37.5,25.203541372156227,25.015352401400154,25.3917303429123
38,바이러스 접종군,V9,29.53,0,37.5,25.203541372156227,25.015352401400154,25.3917303429123
557,바이러스 접종군,V11,26.0,14,37.5,25.203541372156227,25.015352401400154,25.3917303429123
109,바이러스 접종군,V4,29.0,1,37.5,25.203541372156227,25.015352401400154,25.3917303429123
23,바이러스 접종군,V9,29.53,0,37.5,25.203541372156227,25.015352401400154,25.3917303429123
157,바이러스 접종군,V11,25.18,2,37.5,25.203541372156227,25.015352401400154,25.3917303429123
460,바이러스 접종군,V9,21.0,6,37.5,25.203541372156227,25.015352401400154,25.3917303429123
72,바이러스 접종군,V7,29.53,1,37.6,25.2547904711081,25.06427733996366,25.445303602252544
558,바이러스 접종군,V12,28.2,14,37.6,25.2547904711081,25.06427733996366,25.445303602252544
194,바이러스 접종군,V7,23.2,2,37.6,25.2547904711081,25.06427733996366,25.445303602252544
250,바이러스 접종군,V3,24.1,3,37.6,25.2547904711081,25.06427733996366,25.445303602252544
409,바이러스 접종군,V14,25.98,6,37.6,25.2547904711081,25.06427733996366,25.445303602252544
559,바이러스 접종군,V13,28.2,14,37.6,25.2547904711081,25.06427733996366,25.445303602252544
122,바이러스 접종군,V1,22.9,1,37.6,25.2547904711081,25.06427733996366,25.445303602252544
131,바이러스 접종군,V10,23.7,1,37.6,25.2547904711081,25.06427733996366,25.445303602252544
183,바이러스 접종군,V2,22.6,2,37.6,25.2547904711081,25.06427733996366,25.445303602252544
60,바이러스 접종군,V5,25.6,0,37.6,25.2547904711081,25.06427733996366,25.445303602252544
159,바이러스 접종군,V13,28.73,2,37.6,25.2547904711081,25.06427733996366,25.445303602252544
253,바이러스 접종군,V6,22.2,3,37.7,25.30603957005998,25.113137864037004,25.498941276082956
255,바이러스 접종군,V2,22.2,3,37.7,25.30603957005998,25.113137864037004,25.498941276082956
254,바이러스 접종군,V1,22.2,3,37.7,25.30603957005998,25.113137864037004,25.498941276082956
252,바이러스 접종군,V5,22.2,3,37.7,25.30603957005998,25.113137864037004,25.498941276082956
251,바이러스 접종군,V4,22.2,3,37.7,25.30603957005998,25.113137864037004,25.498941276082956
105,바이러스 접종군,V10,28.26,1,37.7,25.30603957005998,25.113137864037004,25.498941276082956
256,바이러스 접종군,V3,22.2,3,37.7,25.30603957005998,25.113137864037004,25.498941276082956
114,바이러스 접종군,V9,20.5,1,37.7,25.30603957005998,25.113137864037004,25.498941276082956
258,바이러스 접종군,V5,22.2,3,37.7,25.30603957005998,25.113137864037004,25.498941276082956
117,바이러스 접종군,V2,22.5,1,37.7,25.30603957005998,25.113137864037004,25.498941276082956
534,바이러스 접종군,V13,27.78,9,37.7,25.30603957005998,25.113137864037004,25.498941276082956
90,바이러스 접종군,V10,28.26,1,37.7,25.30603957005998,25.113137864037004,25.498941276082956
406,바이러스 접종군,V11,26.17,6,37.7,25.30603957005998,25.113137864037004,25.498941276082956
533,바이러스 접종군,V12,27.78,9,37.7,25.30603957005998,25.113137864037004,25.498941276082956
189,바이러스 접종군,V2,21.9,2,37.7,25.30603957005998,25.113137864037004,25.498941276082956
257,바이러스 접종군,V4,22.2,3,37.7,25.30603957005998,25.113137864037004,25.498941276082956
158,바이러스 접종군,V12,24.73,2,37.8,25.35728866901185,25.161936336395687,25.552641001628015
334,바이러스 접종군,V5,26.0,5,37.8,25.35728866901185,25.161936336395687,25.552641001628015
161,바이러스 접종군,V15,26.78,2,37.8,25.35728866901185,25.161936336395687,25.552641001628015
160,바이러스 접종군,V14,26.23,2,37.8,25.35728866901185,25.161936336395687,25.552641001628015
316,바이러스 접종군,V3,24.1,4,37.8,25.35728866901185,25.161936336395687,25.552641001628015
127,바이러스 접종군,V6,23.5,1,37.8,25.35728866901185,25.161936336395687,25.552641001628015
125,바이러스 접종군,V4,24.8,1,37.8,25.35728866901185,25.161936336395687,25.552641001628015
104,바이러스 접종군,V9,28.41,1,37.8,25.35728866901185,25.161936336395687,25.552641001628015
95,바이러스 접종군,V15,26.29,1,37.8,25.35728866901185,25.161936336395687,25.552641001628015
94,바이러스 접종군,V14,26.89,1,37.8,25.35728866901185,25.161936336395687,25.552641001628015
89,바이러스 접종군,V9,28.41,1,37.8,25.35728866901185,25.161936336395687,25.552641001628015
50,바이러스 접종군,V1,26.4,0,37.9,25.40853776796373,25.210675062649,25.60640047327846
176,바이러스 접종군,V5,24.3,2,37.9,25.40853776796373,25.210675062649,25.60640047327846
123,바이러스 접종군,V2,21.3,1,37.9,25.40853776796373,25.210675062649,25.60640047327846
26,바이러스 접종군,V12,25.14,0,37.9,25.40853776796373,25.210675062649,25.60640047327846
156,바이러스 접종군,V10,28.12,2,37.9,25.40853776796373,25.210675062649,25.60640047327846
171,바이러스 접종군,V10,28.12,2,37.9,25.40853776796373,25.210675062649,25.60640047327846
14,바이러스 접종군,V15,28.45,0,38.0,25.459786866915604,25.259356287726106,25.6602174461051
106,바이러스 접종군,V1,25.6,1,38.0,25.459786866915604,25.259356287726106,25.6602174461051
108,바이러스 접종군,V3,22.0,1,38.0,25.459786866915604,25.259356287726106,25.6602174461051
130,바이러스 접종군,V9,26.2,1,38.0,25.459786866915604,25.259356287726106,25.6602174461051
198,바이러스 접종군,V1,21.39,3,38.0,25.459786866915604,25.259356287726106,25.6602174461051
315,바이러스 접종군,V2,22.6,4,38.0,25.459786866915604,25.259356287726106,25.6602174461051
330,바이러스 접종군,V1,21.73,5,38.0,25.459786866915604,25.259356287726106,25.6602174461051
9,바이러스 접종군,V10,25.11,0,38.1,25.51103596586748,25.307982193142383,25.71408973859258
4,바이러스 접종군,V5,26.1,0,38.1,25.51103596586748,25.307982193142383,25.71408973859258
512,바이러스 접종군,V6,22.7,7,38.1,25.51103596586748,25.307982193142383,25.71408973859258
185,바이러스 접종군,V4,22.5,2,38.1,25.51103596586748,25.307982193142383,25.71408973859258
13,바이러스 접종군,V14,26.57,0,38.1,25.51103596586748,25.307982193142383,25.71408973859258
119,바이러스 접종군,V4,22.4,1,38.1,25.51103596586748,25.307982193142383,25.71408973859258
193,바이러스 접종군,V6,23.7,2,38.1,25.51103596586748,25.307982193142383,25.71408973859258
5,바이러스 접종군,V6,28.61,0,38.2,25.562285064819356,25.35655489497195,25.768015234666763
7,바이러스 접종군,V8,22.53,0,38.2,25.562285064819356,25.35655489497195,25.768015234666763
0,바이러스 접종군,V1,21.64,0,38.2,25.562285064819356,25.35655489497195,25.768015234666763
112,바이러스 접종군,V7,21.7,1,38.2,25.562285064819356,25.35655489497195,25.768015234666763
318,바이러스 접종군,V5,22.0,4,38.2,25.562285064819356,25.35655489497195,25.768015234666763
319,바이러스 접종군,V6,22.0,4,38.2,25.562285064819356,25.35655489497195,25.768015234666763
320,바이러스 접종군,V1,22.0,4,38.2,25.562285064819356,25.35655489497195,25.768015234666763
28,바이러스 접종군,V14,27.17,0,38.2,25.562285064819356,25.35655489497195,25.768015234666763
321,바이러스 접종군,V2,22.0,4,38.2,25.562285064819356,25.35655489497195,25.768015234666763
322,바이러스 접종군,V3,22.0,4,38.2,25.562285064819356,25.35655489497195,25.768015234666763
323,바이러스 접종군,V4,22.0,4,38.2,25.562285064819356,25.35655489497195,25.768015234666763
324,바이러스 접종군,V5,22.0,4,38.2,25.562285064819356,25.35655489497195,25.768015234666763
317,바이러스 접종군,V4,22.0,4,38.2,25.562285064819356,25.35655489497195,25.768015234666763
187,바이러스 접종군,V6,21.2,2,38.3,25.61353416377123,25.40507644245376,25.821991885088703
2,바이러스 접종군,V3,27.18,0,38.3,25.61353416377123,25.40507644245376,25.821991885088703
85,바이러스 접종군,V5,25.46,1,38.3,25.61353416377123,25.40507644245376,25.821991885088703
29,바이러스 접종군,V15,26.68,0,38.3,25.61353416377123,25.40507644245376,25.821991885088703
110,바이러스 접종군,V5,25.9,1,38.3,25.61353416377123,25.40507644245376,25.821991885088703
100,바이러스 접종군,V5,25.46,1,38.4,25.66478326272311,25.45354881716039,25.87601770828583
121,바이러스 접종군,V6,20.7,1,38.4,25.66478326272311,25.45354881716039,25.87601770828583
126,바이러스 접종군,V5,25.9,1,38.4,25.66478326272311,25.45354881716039,25.87601770828583
196,바이러스 접종군,V9,25.8,2,38.4,25.66478326272311,25.45354881716039,25.87601770828583
55,바이러스 접종군,V6,20.7,0,38.4,25.66478326272311,25.45354881716039,25.87601770828583
39,바이러스 접종군,V10,28.34,0,38.4,25.66478326272311,25.45354881716039,25.87601770828583
24,바이러스 접종군,V10,28.34,0,38.4,25.66478326272311,25.45354881716039,25.87601770828583
11,바이러스 접종군,V12,27.32,0,38.4,25.66478326272311,25.45354881716039,25.87601770828583
6,바이러스 접종군,V7,29.26,0,38.5,25.716032361674984,25.501973932662263,25.930090790687704
8,바이러스 접종군,V9,26.97,0,38.5,25.716032361674984,25.501973932662263,25.930090790687704
12,바이러스 접종군,V13,27.32,0,38.6,25.76728146062686,25.550353634623644,25.98420928663008
155,바이러스 접종군,V9,27.75,2,38.7,25.818530559578736,25.59868970127106,26.038371417886413
170,바이러스 접종군,V9,27.75,2,38.7,25.818530559578736,25.59868970127106,26.038371417886413
1,바이러스 접종군,V2,24.66,0,38.7,25.818530559578736,25.59868970127106,26.038371417886413
182,바이러스 접종군,V1,26.3,2,39.0,25.972277856434363,25.743452878371006,26.20110283449772
10,바이러스 접종군,V11,25.96,0,39.0,25.972277856434363,25.743452878371006,26.20110283449772
116,바이러스 접종군,V1,26.6,1,39.0,25.972277856434363,25.743452878371006,26.20110283449772
